model,universe,lookback,seed,rmse,mae,hit_ratio,non_tiny_hit_ratio,extreme_hit_ratio,pairwise_hit,ic,long_short_sharpe,long_short_sortino,max_drawdown,cumulative_return,scenario,n_dates,n_currency_obs
oursmain,core6,10,42,0.005455273541022488,0.0039385009922074,0.5044220799024093,0.5144861238182372,0.5091463414634146,0.5108874656907594,0.041159017169888554,0.4402917962437086,0.6082777739290606,-0.163507965039571,0.12623750253874277,all_test,1093,6558
oursmain,core6,10,42,0.009986759485950866,0.008485539507595306,0.4915254237288136,0.4990583804143126,0.5117370892018779,0.49642184557438795,-0.009846650524616633,-1.6196372301454924,-2.331594945056035,-0.19468166781007312,-0.11254207092861179,high_fx_vol,177,1062
oursmain,core6,10,42,0.011733010007753873,0.00937878819763963,0.5020576131687243,0.522633744855967,0.5510204081632653,0.5004115226337449,-0.0010582010582010578,-1.5690387418222669,-2.446716086485431,-0.13468023266250384,-0.0660458760939946,large_abs_move,81,486
oursmain,core6,10,42,0.009904919966310212,0.007363995229032601,0.5516666666666666,0.5566666666666666,0.5583333333333333,0.5026666666666667,0.014857142857142855,-1.1978927034543576,-2.1801594214403592,-0.16934401219987194,-0.0664347655911115,cross_section_dispersion,100,600
oursmain,core6,10,42,0.0061784488051383046,0.004328367929991163,0.522075055187638,0.5463576158940397,0.5399449035812672,0.5061810154525387,0.04008227977485115,0.18327254320694897,0.25960156967518744,-0.11598177989526448,0.0168565877202127,risk_off,302,1812
oursmain,core6,10,42,0.006080851539192483,0.00442536119223723,0.4989451476793249,0.5158227848101266,0.5052631578947369,0.4940928270042194,0.002102375489614153,-0.23727658142200214,-0.3652328174054899,-0.11278515718367998,-0.022005062719927082,dollar_shock,316,1896
oursmain,core6,10,42,0.005926923323690201,0.004245237024193572,0.5041782729805014,0.5088207985143919,0.494199535962877,0.508263695450325,0.03032232391563868,-0.06165700299361696,-0.08591176681026018,-0.1282471974627697,-0.006384197590705298,commodity_shock,359,2154
oursmain,core6,10,42,0.006304490300589803,0.004450946718027359,0.5238095238095238,0.5277777777777778,0.49504950495049505,0.5156084656084656,0.04394360268650294,0.3559877841691309,0.4631639182803481,-0.11623271544885938,0.028718645113031016,yield_shock,252,1512
oursmain,core6,10,42,0.006362340400597321,0.004386249439750121,0.5390295358649789,0.5548523206751055,0.5736842105263158,0.5063291139240507,0.03479519426854325,0.9474006856548938,1.3069628922333472,-0.1008077248088739,0.05129783310167113,vix_spike,158,948
oursmain,core6,10,42,0.005747764621949404,0.0041357684985830956,0.5031746031746032,0.5138321995464853,0.4943310657596372,0.5103854875283447,0.040994463583866124,0.45117503849998813,0.6308550035953467,-0.14751322765641817,0.09339299320686223,macro_shock_union,735,4410
oursmain,core6,10,42,0.006010108735509256,0.00437312788874082,0.5029799914857386,0.5104299702000852,0.5042553191489362,0.5094934014474244,0.03716776411950213,0.2761255678327422,0.38780154739241446,-0.1460702361900985,0.06124846309808163,extreme_union,783,4698
foundation_relational,core6,10,42,0.005441156305556014,0.003926573353807071,0.4925282098200671,0.5175358340957609,0.5198170731707317,0.49801768831960963,0.00865835804511876,0.8440081200410313,1.4827190277304612,-0.08107770901096956,0.23594208695271845,all_test,1093,6558
foundation_relational,core6,10,42,0.009957773636538504,0.008437707339718537,0.5094161958568738,0.5028248587570622,0.49295774647887325,0.4971751412429379,-0.009846650524616625,0.9913622860929446,2.0507991999370323,-0.05400694828495034,0.06528156646163552,high_fx_vol,177,1062
foundation_relational,core6,10,42,0.011698514379289818,0.0093101611010404,0.5061728395061729,0.4773662551440329,0.3979591836734694,0.4839506172839506,-0.03492063492063493,0.5253383590434919,1.0637563149049283,-0.04338512758840807,0.020553940023091855,large_abs_move,81,486
foundation_relational,core6,10,42,0.009917491899058188,0.007372678095319619,0.5183333333333333,0.5333333333333333,0.5166666666666667,0.5306666666666666,0.08800000000000002,2.8903831248728107,6.117725652799111,-0.04441358347685309,0.15061664710992773,cross_section_dispersion,100,600
foundation_relational,core6,10,42,0.00611218528221648,0.004277914704856718,0.5518763796909493,0.5894039735099338,0.6088154269972452,0.5033112582781457,0.018763510196766645,1.7605734772255244,3.5122586583029047,-0.06376157535214588,0.15595875869576048,risk_off,302,1812
foundation_relational,core6,10,42,0.006057550478505288,0.004398082492020435,0.505801687763713,0.5210970464135021,0.5236842105263158,0.509915611814346,0.04170454547153098,2.1536171675024685,4.306373098882717,-0.028929345387041394,0.18804600308703812,dollar_shock,316,1896
foundation_relational,core6,10,42,0.005931253374972834,0.0042415782138408055,0.48885793871866295,0.48653667595171773,0.46403712296983757,0.49229340761374185,-0.002559900627927704,1.0421259180198261,2.051276097269335,-0.053653306618798524,0.10174472482822239,commodity_shock,359,2154
foundation_relational,core6,10,42,0.0062993902338297795,0.004429214780576973,0.5059523809523809,0.5145502645502645,0.49504950495049505,0.5142857142857142,0.03519471930896194,2.5364217631749018,5.31685636266325,-0.04140447237750777,0.2011520590924647,yield_shock,252,1512
foundation_relational,core6,10,42,0.006356409074056973,0.004364677316358645,0.5221518987341772,0.5232067510548524,0.5263157894736842,0.5059071729957806,0.029008575823696953,2.248821608979042,4.617731772138846,-0.03047437436043765,0.1115058142881935,vix_spike,158,948
foundation_relational,core6,10,42,0.005733108772334534,0.00411907667046395,0.5018140589569161,0.5151927437641723,0.5272108843537415,0.4983219954648526,0.008341402359376327,1.1000206303031386,2.0688675446101037,-0.08135031600704679,0.21918019900226682,macro_shock_union,735,4410
foundation_relational,core6,10,42,0.0059949446659040544,0.00435652424441516,0.501702852277565,0.5155385270327799,0.5095744680851064,0.4955300127713921,0.0008970106073693097,0.7465226165767148,1.3407683120267935,-0.06916730973625818,0.16315080953540928,extreme_union,783,4698
mlp,core6,10,42,0.005445878037401206,0.003931190765067647,0.4853613906678865,0.5013723696248856,0.5045731707317073,0.4885025922537359,-0.016627326082365123,0.24794292387236977,0.40757972750995014,-0.13500911285609618,0.06680831730818682,all_test,1093,6558
mlp,core6,10,42,0.009936909592722526,0.008422735277572695,0.5282485875706214,0.5103578154425612,0.5633802816901409,0.487758945386064,-0.02082324455205812,1.2912234988301527,2.3240120491289407,-0.08797264946406358,0.0819751304879901,high_fx_vol,177,1062
mlp,core6,10,42,0.01171857418274775,0.0093609856627793,0.51440329218107,0.5267489711934157,0.4897959183673469,0.49465020576131685,-0.012345679012345678,0.07571194652330925,0.14467300494935953,-0.10089153737135348,0.0030149931808409747,large_abs_move,81,486
mlp,core6,10,42,0.009936344882755611,0.0074081187824973915,0.5033333333333333,0.53,0.525,0.5113333333333333,0.02114285714285714,1.4233300149179364,2.91875766925723,-0.08218310429219855,0.07328611000775709,cross_section_dispersion,100,600
mlp,core6,10,42,0.006149430000920852,0.004317624971021802,0.5193156732891833,0.5496688741721855,0.559228650137741,0.49801324503311256,0.0022558127029913165,1.18645643138417,2.052645417859095,-0.06538127677868033,0.1053216039531435,risk_off,302,1812
mlp,core6,10,42,0.006082405610745965,0.004424953440911298,0.47890295358649787,0.479957805907173,0.4868421052631579,0.500210970464135,0.006970724519507303,1.4821462359959117,2.8007922600697244,-0.05030068160795054,0.1239191238632884,dollar_shock,316,1896
mlp,core6,10,42,0.005930923399875256,0.004246772222063893,0.48978644382544106,0.4809656453110492,0.46635730858468677,0.5021355617455896,0.015426569726230667,1.1185871194941208,2.1749088496331557,-0.07600425256168819,0.10933508089146926,commodity_shock,359,2154
mlp,core6,10,42,0.006291588612655707,0.0044401713377490385,0.49867724867724866,0.5066137566137566,0.5148514851485149,0.5124338624338625,0.032643183500541864,1.7756976640024686,3.0777137622003026,-0.059760498617833946,0.13926594710164863,yield_shock,252,1512
mlp,core6,10,42,0.006369295038725747,0.004385067019841638,0.5084388185654009,0.49156118143459915,0.5,0.48565400843881856,-0.02478807049994411,0.7986985946417985,1.5637114030927677,-0.04064692245447077,0.03648145765009758,vix_spike,158,948
mlp,core6,10,42,0.0057459107613439435,0.0041334475476198385,0.49002267573696145,0.49523809523809526,0.4977324263038549,0.49551020408163265,-0.0011367611760778455,0.5606002008496254,0.9400523091052413,-0.12690509004369233,0.10878485638431812,macro_shock_union,735,4410
mlp,core6,10,42,0.005999981683611131,0.004365196672012047,0.49255002128565345,0.49765857811834824,0.4957446808510638,0.49323116219667945,-0.006102652116570062,0.5194675329602888,0.8671933755930729,-0.13490903125693876,0.10794616628163567,extreme_union,783,4698
lstm,core6,10,42,0.005442036856227926,0.003931095081044381,0.476517230863068,0.4943580359865813,0.4885670731707317,0.48392802683745045,-0.021879237862141927,-0.4874461077359998,-0.7556870487510946,-0.2325390084981791,-0.13287059427534587,all_test,1093,6558
lstm,core6,10,42,0.009953078138786408,0.00845695371962908,0.4839924670433145,0.4952919020715631,0.5164319248826291,0.47984934086629,-0.03922518159806296,-1.8007861708670643,-2.9155468910410733,-0.1531292576364649,-0.10967321593125234,high_fx_vol,177,1062
lstm,core6,10,42,0.011721954041998998,0.00936490029835581,0.5390946502057613,0.522633744855967,0.45918367346938777,0.4748971193415638,-0.05961199294532628,-2.511875560855517,-4.730752728725178,-0.12710033629264217,-0.0883547857956728,large_abs_move,81,486
lstm,core6,10,42,0.009932780464655008,0.0074114547204393,0.5116666666666667,0.52,0.5916666666666667,0.48133333333333334,-0.0382857142857143,-2.2808790584186367,-4.550508028538409,-0.1545712287806964,-0.1059844685059943,cross_section_dispersion,100,600
lstm,core6,10,42,0.006169215211226348,0.004341241848208977,0.4977924944812362,0.5320088300220751,0.5702479338842975,0.46114790286975715,-0.0792957483187684,-1.7516834047453824,-2.9823627902461958,-0.1480596698024783,-0.1441651279751568,risk_off,302,1812
lstm,core6,10,42,0.006060688402487728,0.004401417660287849,0.47837552742616035,0.4957805907172996,0.49736842105263157,0.479746835443038,-0.0361286234805566,-0.9103064275136654,-1.3792733392685275,-0.11561395677063047,-0.07397848087521197,dollar_shock,316,1896
lstm,core6,10,42,0.005893844900204345,0.004222553102219972,0.4907149489322191,0.4976787372330548,0.46635730858468677,0.4826369545032498,-0.03716673298846,-1.0443492077399688,-1.6575578553851043,-0.16444564797666317,-0.09709284263999507,commodity_shock,359,2154
lstm,core6,10,42,0.006300695484480938,0.004450522615511714,0.48148148148148145,0.47883597883597884,0.46204620462046203,0.4925925925925926,-0.016922026407611396,-0.41774286122943605,-0.6498681868238251,-0.07248157178173642,-0.029979376603705532,yield_shock,252,1512
lstm,core6,10,42,0.006364950573526966,0.004391643088090808,0.4704641350210971,0.4873417721518987,0.5052631578947369,0.47848101265822784,-0.051400213608427225,-1.670596574530578,-2.567869993141356,-0.08262771725048879,-0.07601334505989144,vix_spike,158,948
lstm,core6,10,42,0.005733621348233821,0.0041260658487444766,0.48072562358276644,0.49160997732426304,0.48639455782312924,0.47863945578231293,-0.042141031287257186,-0.9957308897273317,-1.5627118150202246,-0.2249225221157758,-0.19015935156244268,macro_shock_union,735,4410
lstm,core6,10,42,0.005995672689701436,0.004363477117742117,0.477862920391656,0.4887186036611324,0.474468085106383,0.4792677735206471,-0.03904681736415585,-0.8175919298412825,-1.2785051548043447,-0.2229449073804517,-0.16822003612219305,extreme_union,783,4698
gru,core6,10,42,0.005444227702590605,0.003924766707310688,0.4940530649588289,0.5120463555962184,0.49085365853658536,0.4972247636474535,0.010965615003717549,0.11186763539083358,0.15530627416808668,-0.10917486014318456,0.029652355939788322,all_test,1093,6558
gru,core6,10,42,0.009980344496128096,0.008481948194148213,0.4397363465160075,0.4331450094161959,0.41784037558685444,0.4934086629001883,-0.01178369652945925,-1.5353466580723927,-1.9843530830165914,-0.14124853390239878,-0.09554136896986165,high_fx_vol,177,1062
gru,core6,10,42,0.011758075701472154,0.009399912870075626,0.44238683127572015,0.3950617283950617,0.35714285714285715,0.4897119341563786,-0.02081128747795415,-1.3752044662723737,-1.9210466034450742,-0.10122694972960744,-0.050931388643221,large_abs_move,81,486
gru,core6,10,42,0.009956923020505827,0.0074233141660389875,0.47333333333333333,0.48333333333333334,0.425,0.462,-0.07942857142857143,-3.0669822533172413,-4.433654639217057,-0.13361731703298574,-0.1395282137873437,cross_section_dispersion,100,600
gru,core6,10,42,0.006175599201422216,0.0043385683908053465,0.5060706401766004,0.5209713024282561,0.5179063360881543,0.5008830022075055,0.02305295148724472,0.14352251437652896,0.17875580526188606,-0.0804645057869493,0.011950031959258922,risk_off,302,1812
gru,core6,10,42,0.006070632354876855,0.004407756330450188,0.4931434599156118,0.5010548523206751,0.4789473684210526,0.4947257383966245,0.007632678508593507,-0.06687445249893377,-0.09036648907530764,-0.07847797081103636,-0.0056348579137193155,dollar_shock,316,1896
gru,core6,10,42,0.005905030313853943,0.004223785461320715,0.49675023212627667,0.4986072423398329,0.46635730858468677,0.4965645311049211,0.01192477903781045,0.004996291290467891,0.006694770289559378,-0.08489585555980739,0.0004885297071268724,commodity_shock,359,2154
gru,core6,10,42,0.00629618970061074,0.004435980341341932,0.501984126984127,0.5026455026455027,0.4884488448844885,0.5092592592592593,0.022892616607117822,-0.2758673709792757,-0.3530188170667501,-0.09011563799754185,-0.020239769374029493,yield_shock,252,1512
gru,core6,10,42,0.0063727828615801965,0.004383212483434409,0.5179324894514767,0.5295358649789029,0.5210526315789473,0.4911392405063291,-0.005981560554193659,-0.7081108339319797,-0.9112178537044202,-0.0987170065400278,-0.034508303391248774,vix_spike,158,948
gru,core6,10,42,0.00573942281602882,0.004122883001144738,0.49682539682539684,0.5070294784580499,0.4897959183673469,0.4997732426303855,0.017424772513707776,0.2668721825165573,0.36966331365453686,-0.08233340010201573,0.05068561800885618,macro_shock_union,735,4410
gru,core6,10,42,0.005999970201940931,0.004360194598813687,0.4927628778203491,0.4989357173265219,0.4787234042553192,0.4967220093656875,0.008985669509765825,0.11603180021345494,0.16136078951241783,-0.10337091125506959,0.023688291324788224,extreme_union,783,4698
gnn,core6,10,42,0.005440356156117872,0.003923737247617678,0.4984751448612382,0.5105215004574566,0.5129573170731707,0.4994205550472705,0.016762155684351725,0.4555624288231495,0.6794108637293548,-0.10972168420948947,0.12040480586824742,all_test,1093,6558
gnn,core6,10,42,0.00995969647946126,0.008456924475867897,0.5094161958568738,0.4934086629001883,0.5352112676056338,0.49830508474576274,-0.0014527845036319711,-0.2736279170625506,-0.40520810508902916,-0.09187586228654254,-0.016951123852777528,high_fx_vol,177,1062
gnn,core6,10,42,0.011747809613083556,0.009395330736614457,0.47530864197530864,0.46502057613168724,0.46938775510204084,0.5111111111111111,0.036331569664903,-0.3036836970060652,-0.4949751090918862,-0.04880781231622677,-0.011535816767718643,large_abs_move,81,486
gnn,core6,10,42,0.009944424764633909,0.007407248455843576,0.51,0.5066666666666667,0.5083333333333333,0.5026666666666667,0.017142857142857133,-0.33719437962217635,-0.58752677112088,-0.06925549566949485,-0.016551075110328384,cross_section_dispersion,100,600
gnn,core6,10,42,0.00617355465965244,0.004341593302288434,0.5110375275938189,0.5275938189845475,0.5068870523415978,0.5079470198675496,0.03979759749854747,1.1042506479962486,1.7460784654360155,-0.06431933923522593,0.09526558848438071,risk_off,302,1812
gnn,core6,10,42,0.006067753375939499,0.004405773206292763,0.4899789029535865,0.5010548523206751,0.5184210526315789,0.5052742616033755,0.0381177735709725,1.227759176305174,1.9789222877722517,-0.03145376766406116,0.0990620293473512,dollar_shock,316,1896
gnn,core6,10,42,0.005893773319726855,0.004214236126790786,0.5176415970287837,0.5246053853296193,0.5150812064965197,0.5051067780872794,0.029115387871873327,0.7221964274120596,1.0946869249216484,-0.03803111070737941,0.06607945715268215,commodity_shock,359,2154
gnn,core6,10,42,0.006298850181508357,0.004447239046627482,0.4973544973544973,0.5092592592592593,0.48514851485148514,0.5079365079365079,0.033343211057281275,0.9062792712814398,1.3614249375105747,-0.04573871903176041,0.06339122900249095,yield_shock,252,1512
gnn,core6,10,42,0.006402670051653376,0.004416531633135775,0.47362869198312235,0.4620253164556962,0.46842105263157896,0.48818565400843883,-0.003028522076829579,-0.6849946772983059,-1.2167397397120656,-0.08937527745501939,-0.03242554242251572,vix_spike,158,948
gnn,core6,10,42,0.005737510669615058,0.004124528167444994,0.49569160997732425,0.4997732426303855,0.4954648526077097,0.5053968253968254,0.03177521571642543,0.7229814345114279,1.0720035266593697,-0.07295319289232793,0.13649970165647574,macro_shock_union,735,4410
gnn,core6,10,42,0.005995953552552058,0.004359529935270614,0.4985100042571307,0.5014899957428693,0.5031914893617021,0.5042997020008514,0.02836772210563927,0.5624469881540924,0.8368277862045719,-0.08305025190475135,0.11467582805858001,extreme_union,783,4698
oursmain,core6,10,123,0.005468121301162144,0.003960844400794918,0.5152485513876182,0.5315645013723697,0.5457317073170732,0.5090576395242452,0.03518340881480926,0.0055965808690618,0.007509239359452399,-0.12914896691995637,0.0017057426941846643,all_test,1093,6558
oursmain,core6,10,123,0.009942140780409045,0.008388608341932521,0.5583804143126178,0.5574387947269304,0.5633802816901409,0.4847457627118644,-0.04245359160613398,-2.165598899722797,-2.827109153242496,-0.1708347120002145,-0.1611787108849967,high_fx_vol,177,1062
oursmain,core6,10,123,0.011701044092293595,0.00929494558911554,0.5740740740740741,0.5596707818930041,0.5408163265306123,0.48641975308641977,-0.04550264550264552,-3.2616923797326374,-4.986501786991599,-0.1714514424711524,-0.1464462702460878,large_abs_move,81,486
oursmain,core6,10,123,0.009916115744557674,0.007320937721357647,0.585,0.5833333333333334,0.55,0.494,-0.037714285714285714,-2.08424150497257,-3.566154099229024,-0.13844190836607595,-0.1231650526933663,cross_section_dispersion,100,600
oursmain,core6,10,123,0.006161348130385735,0.004312529622217286,0.5491169977924945,0.5794701986754967,0.5867768595041323,0.4913907284768212,-0.008828875224152636,-1.8923904523745811,-2.315156857865569,-0.2165265997032293,-0.1874697752832617,risk_off,302,1812
oursmain,core6,10,123,0.006048861193914307,0.004425291409904946,0.5268987341772152,0.5685654008438819,0.6105263157894737,0.49641350210970464,0.006744273721110838,-0.4179933760022602,-0.5652374742262138,-0.1078471103787706,-0.03993382745693452,dollar_shock,316,1896
oursmain,core6,10,123,0.005955266606857312,0.004263976606998202,0.520891364902507,0.5199628597957289,0.5266821345707656,0.5056638811513463,0.024021874143262106,-0.30445115941756085,-0.4089852438585976,-0.14599555198765302,-0.033780573380227,commodity_shock,359,2154
oursmain,core6,10,123,0.006325424987589322,0.00444855226754846,0.5509259259259259,0.5476190476190477,0.5313531353135313,0.5195767195767196,0.057586494158138234,0.061852169604531784,0.07465796435934217,-0.10043652884337462,0.005250629683587249,yield_shock,252,1512
oursmain,core6,10,123,0.006349797551318166,0.00436662686032466,0.5485232067510548,0.5991561181434599,0.6263157894736842,0.5122362869198313,0.04025165774963575,0.5049657270268201,0.6050727494749026,-0.060270480683357164,0.027364007164123905,vix_spike,158,948
oursmain,core6,10,123,0.005756377228579433,0.004149546354965929,0.5233560090702948,0.5428571428571428,0.5487528344671202,0.5036734693877551,0.021176163993990183,-0.2995999081484838,-0.4057256524351604,-0.16678009516158454,-0.06610646072090276,macro_shock_union,735,4410
oursmain,core6,10,123,0.006016927498355242,0.0043823248376566246,0.5227756492124308,0.5393784589186889,0.5457446808510639,0.5022562792677735,0.01608308041399005,-0.4954422800048554,-0.6705112999772723,-0.21544596736544008,-0.11785405089335654,extreme_union,783,4698
foundation_relational,core6,10,123,0.005437470015628576,0.003923712174707611,0.496645318694724,0.5120463555962184,0.5213414634146342,0.506312900274474,0.028236902949562395,1.0290075247359967,1.6180090754138334,-0.053997420549421804,0.27765191005232737,all_test,1093,6558
foundation_relational,core6,10,123,0.009948070151312091,0.00844949623033484,0.5103578154425612,0.5103578154425612,0.5211267605633803,0.5163841807909605,0.03567393058918483,2.2695245187417514,3.8913626122176455,-0.04292708930734079,0.15138574004231486,high_fx_vol,177,1062
foundation_relational,core6,10,123,0.0117249428059941,0.009370924675597329,0.5041152263374485,0.4897119341563786,0.4897959183673469,0.5209876543209877,0.06384479717813052,2.7910216169726083,4.973584966519135,-0.025232980304281227,0.11460229935255484,large_abs_move,81,486
foundation_relational,core6,10,123,0.009935661226689587,0.007407983069592016,0.5116666666666667,0.51,0.5166666666666667,0.5333333333333333,0.084,2.769360028141663,5.163979550101308,-0.058990440746129025,0.14484376197469828,cross_section_dispersion,100,600
foundation_relational,core6,10,123,0.00617387081658462,0.004338521003280806,0.5093818984547461,0.5386313465783664,0.5399449035812672,0.49403973509933774,0.004809351807955373,0.56785703193094,1.0921658897530584,-0.03969972166032676,0.04700756191459732,risk_off,302,1812
foundation_relational,core6,10,123,0.006054483132547616,0.004400683204857638,0.49841772151898733,0.5232067510548524,0.55,0.5090717299578059,0.03413947339014069,1.1746714024379525,1.8788694078345183,-0.06296852925970597,0.10205097955758902,dollar_shock,316,1896
foundation_relational,core6,10,123,0.005904185957598034,0.004227193072144576,0.4972144846796657,0.5088207985143919,0.5243619489559165,0.5060352831940576,0.017906884202148837,1.3016698387847885,2.088879294537705,-0.04167217129361234,0.12360899392979263,commodity_shock,359,2154
foundation_relational,core6,10,123,0.006283901021066668,0.004431803015695707,0.5079365079365079,0.5317460317460317,0.5346534653465347,0.5275132275132275,0.06762102316383721,2.847519328132221,4.924325940307189,-0.03303818269023395,0.2242626725453647,yield_shock,252,1512
foundation_relational,core6,10,123,0.0063517508401469795,0.004368180933515049,0.5411392405063291,0.5527426160337553,0.5631578947368421,0.5118143459915612,0.03970751820885277,1.6918116525585656,2.553287209385298,-0.03618600397476257,0.07074619354216338,vix_spike,158,948
foundation_relational,core6,10,123,0.0057300969962110985,0.004120872930326607,0.49705215419501136,0.5151927437641723,0.5238095238095238,0.5053061224489795,0.02470038578445264,1.142586761238466,1.8965090210654918,-0.04889450602786383,0.22094948796780045,macro_shock_union,735,4410
foundation_relational,core6,10,123,0.005990061301193071,0.0043561849645556055,0.49702000851426137,0.5125585355470413,0.5180851063829788,0.5025968497232866,0.017347835223683425,0.8586904388638852,1.3827281672114675,-0.049491504520119634,0.1818871453904194,extreme_union,783,4698
mlp,core6,10,123,0.00544538708835092,0.003928897685455949,0.48215919487648673,0.5007624275693809,0.4969512195121951,0.49112534309240624,-0.006401852142352345,-0.3075522289697678,-0.46165815815657685,-0.20576562250721508,-0.0812284848886975,all_test,1093,6558
mlp,core6,10,123,0.009962319108175112,0.008467414598840792,0.4915254237288136,0.5065913370998116,0.5023474178403756,0.48662900188323915,-0.03696529459241323,-1.3071355522323422,-2.0254625992652024,-0.1482283236728108,-0.08525444861879805,high_fx_vol,177,1062
mlp,core6,10,123,0.011715195547531792,0.009365974840305586,0.5205761316872428,0.5390946502057613,0.5204081632653061,0.49218106995884775,-0.021516754850088186,-0.1764359636135372,-0.3307177456053613,-0.07370708038797602,-0.006673663254332496,large_abs_move,81,486
mlp,core6,10,123,0.009970794637867066,0.007441622000325576,0.4683333333333333,0.49666666666666665,0.4666666666666667,0.486,-0.031999999999999994,-0.8735789328215642,-1.538300992541066,-0.11674665372811432,-0.042592128078467795,cross_section_dispersion,100,600
mlp,core6,10,123,0.006173533817783911,0.0043429578697252455,0.48233995584988965,0.5165562913907285,0.5261707988980716,0.48233995584988965,-0.026600298144740932,-1.0464325384866386,-1.5391239369595269,-0.10535220758083597,-0.08883453210683001,risk_off,302,1812
mlp,core6,10,123,0.0060571651577710555,0.004395702758324828,0.5,0.5274261603375527,0.5578947368421052,0.4892405063291139,-0.007105937373913715,0.28925095968787834,0.48970806324718463,-0.08422755279661942,0.02372025236400077,dollar_shock,316,1896
mlp,core6,10,123,0.005920609250892969,0.004236407421781759,0.49535747446610956,0.5051067780872794,0.4756380510440835,0.48653667595171773,-0.017443234623990576,-0.4406826539287784,-0.6657587438221765,-0.12564296462551283,-0.04119804869742438,commodity_shock,359,2154
mlp,core6,10,123,0.006291897319035195,0.004436935179188384,0.4933862433862434,0.49603174603174605,0.5181518151815182,0.4835978835978836,-0.03555358001076597,-0.7937660685160076,-1.1092268985491491,-0.11730361575177994,-0.056672799591751755,yield_shock,252,1512
mlp,core6,10,123,0.006376614129979768,0.004403761915998118,0.48417721518987344,0.5147679324894515,0.5157894736842106,0.50084388185654,0.01228080985077383,-0.33976367446046607,-0.4467124439543772,-0.06263245156742414,-0.015938608281885536,vix_spike,158,948
mlp,core6,10,123,0.005738182840486203,0.004126052201682434,0.49229024943310656,0.507482993197279,0.5034013605442177,0.49170068027210884,-0.006657390265331874,-0.26585685622905875,-0.4019383400120966,-0.14425189981488984,-0.0503406796285617,macro_shock_union,735,4410
mlp,core6,10,123,0.005997955048123548,0.004362365131005301,0.4904214559386973,0.5057471264367817,0.502127659574468,0.4899957428693061,-0.012160604436258434,-0.47409545252715984,-0.7163082660031094,-0.18809701035866055,-0.09772804939143498,extreme_union,783,4698
lstm,core6,10,123,0.005438601000148753,0.003928956833117324,0.48581884720951507,0.5089966453186947,0.5182926829268293,0.4936870997255261,-0.005382470640091054,0.6474730100911945,1.0892010426954792,-0.05946733031760232,0.18405329693064232,all_test,1093,6558
lstm,core6,10,123,0.00994088154473652,0.008442214871868784,0.5235404896421846,0.5404896421845574,0.539906103286385,0.48851224105461394,-0.04309927360774818,1.5166023436632499,2.7628997683643908,-0.055058919613657054,0.10940336819112417,high_fx_vol,177,1062
lstm,core6,10,123,0.011697657822763597,0.00934446964433266,0.5411522633744856,0.5637860082304527,0.5204081632653061,0.5135802469135803,0.021516754850088204,2.941465695444694,5.381905528864427,-0.026229446521028876,0.125776603948907,large_abs_move,81,486
lstm,core6,10,123,0.009938268122253732,0.007409415338125503,0.515,0.5433333333333333,0.525,0.5313333333333333,0.07371428571428573,3.502206112793279,6.13471640842054,-0.02377197636087658,0.1887952209526702,cross_section_dispersion,100,600
lstm,core6,10,123,0.006160487671206761,0.004327845901073696,0.5154525386313465,0.5441501103752759,0.5867768595041323,0.4867549668874172,-0.02328990000477216,1.2511323155029292,2.5941421166699565,-0.07696720277363056,0.11928636615857613,risk_off,302,1812
lstm,core6,10,123,0.006060202018453002,0.004400922063072855,0.5068565400843882,0.5295358649789029,0.5473684210526316,0.48818565400843883,-0.0164179544027989,0.44132960386327263,0.8655212122681675,-0.05824215162465407,0.03953646079708051,dollar_shock,316,1896
lstm,core6,10,123,0.005916533732067803,0.004238933064741637,0.4712163416898793,0.479108635097493,0.4709976798143852,0.483008356545961,-0.02597209665263456,0.07747626355050428,0.12480068181406664,-0.11544091747782659,0.008170987577159394,commodity_shock,359,2154
lstm,core6,10,123,0.006287497269033297,0.004432136192691803,0.5066137566137566,0.5264550264550265,0.5445544554455446,0.48677248677248675,-0.039465660036873115,0.5206673220993937,0.8618486196856102,-0.07429901962427721,0.04382001433509686,yield_shock,252,1512
lstm,core6,10,123,0.006369968130687944,0.00439023204663386,0.49261603375527424,0.5042194092827004,0.5421052631578948,0.5118143459915612,0.03928612530110895,1.8121336176409337,3.1280541904358494,-0.031299777274398366,0.10361834609602738,vix_spike,158,948
lstm,core6,10,123,0.005731144009655529,0.004124033342294083,0.4943310657596372,0.5147392290249433,0.5306122448979592,0.4910657596371882,-0.013434078420038319,0.4698658727812508,0.8020502080430132,-0.07342384764115195,0.09537234400136185,macro_shock_union,735,4410
lstm,core6,10,123,0.005989833108220166,0.004359480012637554,0.4927628778203491,0.51213282247765,0.5255319148936171,0.4898254576415496,-0.018083987132110412,0.51317842677342,0.8734480657901561,-0.06391661517909597,0.11323908906865654,extreme_union,783,4698
gru,core6,10,123,0.005446806601210832,0.003935117488179459,0.4852089051540104,0.5114364135407137,0.5038109756097561,0.4927111924367185,-0.005998096274526438,0.02492320713538326,0.0405677529405696,-0.13695748700069998,0.006903091188860344,all_test,1093,6558
gru,core6,10,123,0.009960964634942334,0.008461757259254642,0.4962335216572505,0.4934086629001883,0.539906103286385,0.4854990583804143,-0.03212267958030669,-0.2453919636531802,-0.45245288689969376,-0.08173297269968316,-0.016900046284717973,high_fx_vol,177,1062
gru,core6,10,123,0.011732007103819204,0.009384258898559664,0.5102880658436214,0.51440329218107,0.5612244897959183,0.4905349794238683,-0.013756613756613766,0.2557361347029233,0.5311505945407102,-0.08298848538834136,0.011021259273547912,large_abs_move,81,486
gru,core6,10,123,0.009948162480673955,0.007425393068442645,0.49166666666666664,0.52,0.49166666666666664,0.502,0.014857142857142852,0.7918888758491475,1.4850727563137933,-0.0796781042481598,0.040513001009458094,cross_section_dispersion,100,600
gru,core6,10,123,0.00617326990087216,0.00434397364653407,0.49613686534216334,0.5309050772626932,0.5261707988980716,0.48874172185430464,-0.0070486798325700125,0.1348386302053706,0.23901868482564173,-0.09275760695072677,0.012559988058001181,risk_off,302,1812
gru,core6,10,123,0.006069820576655027,0.004413621015596609,0.48945147679324896,0.5189873417721519,0.5210526315789473,0.4957805907172996,0.01189715874276274,0.9229857431268308,1.7246348426568168,-0.05241301208661753,0.08380426717440059,dollar_shock,316,1896
gru,core6,10,123,0.005910495394096094,0.0042369071212854425,0.48978644382544106,0.5013927576601671,0.48259860788863107,0.5002785515320334,0.015412702392331605,0.7921480378213386,1.3356098282331157,-0.11566855161800049,0.0814110410142348,commodity_shock,359,2154
gru,core6,10,123,0.006301441482204179,0.004454059397031961,0.4973544973544973,0.5224867724867724,0.5214521452145214,0.503968253968254,0.013426011825968727,0.36327099840118926,0.5607488028771708,-0.08576870485194377,0.02915161521173104,yield_shock,252,1512
gru,core6,10,123,0.006371747614265479,0.004393099476075511,0.4831223628691983,0.4936708860759494,0.49473684210526314,0.489873417721519,-0.013878431660916369,0.24969978752650965,0.48290697495759366,-0.053014703918051964,0.012805447068330977,vix_spike,158,948
gru,core6,10,123,0.005735772977660856,0.004130181693642937,0.4913832199546485,0.5188208616780046,0.5215419501133787,0.4969614512471655,0.006656683430693977,0.36611932461910685,0.6018159320278991,-0.1206673273773049,0.0726968257374665,macro_shock_union,735,4410
gru,core6,10,123,0.005996290648741528,0.004365837590304635,0.4899957428693061,0.5125585355470413,0.5053191489361702,0.49442315879097487,-0.0003195336159604991,0.17566031228667572,0.29105062021644035,-0.12796522405460564,0.037890609791020324,extreme_union,783,4698
gnn,core6,10,123,0.005439539813782879,0.003923443492126509,0.4906983836535529,0.5157060079292467,0.5175304878048781,0.49594388533089356,0.0008749520454084322,0.03118340684230659,0.045205710638743964,-0.10005612699387711,0.0089343486395137,all_test,1093,6558
gnn,core6,10,123,0.00996564850813414,0.008456296374883354,0.504708097928437,0.5235404896421846,0.5117370892018779,0.5088512241054614,0.018886198547215495,-0.5657787369894461,-0.8085431788476266,-0.11215621345036197,-0.03936054034056724,high_fx_vol,177,1062
gnn,core6,10,123,0.011731603278966433,0.009351094604166056,0.5411522633744856,0.5185185185185185,0.46938775510204084,0.5135802469135803,0.03139329805996472,-1.0955295334439,-1.6828472965044747,-0.08194792333233636,-0.0449724488062202,large_abs_move,81,486
gnn,core6,10,123,0.009954414695311302,0.007409548787452044,0.49833333333333335,0.5366666666666666,0.49166666666666664,0.5113333333333333,0.013714285714285712,-0.8871414199073231,-1.4828138045443986,-0.11210670481159468,-0.04716541863126622,cross_section_dispersion,100,600
gnn,core6,10,123,0.0061571177087864516,0.004318116713168028,0.5165562913907285,0.5573951434878587,0.5757575757575758,0.48763796909492274,-0.024722914959251975,-1.15878639436744,-1.6729186661123585,-0.15419032566387614,-0.10337485121408463,risk_off,302,1812
gnn,core6,10,123,0.006068963314782961,0.004402366435848732,0.5052742616033755,0.5179324894514767,0.5105263157894737,0.4940928270042194,0.005281864765374694,0.4339890626567817,0.6888593254459375,-0.06820624602551106,0.0368505066430771,dollar_shock,316,1896
gnn,core6,10,123,0.005916721578580273,0.004229761800908253,0.5009285051067781,0.5023212627669452,0.5081206496519721,0.4958217270194986,0.0001861834015402589,-0.1289407677479507,-0.18876373966997523,-0.07889626073847467,-0.012782477078417287,commodity_shock,359,2154
gnn,core6,10,123,0.00630021315720862,0.004430937651579313,0.5152116402116402,0.5383597883597884,0.5346534653465347,0.5142857142857142,0.03160405068989428,-0.33553511447104944,-0.45898314838863163,-0.07667692545510363,-0.026067724307949902,yield_shock,252,1512
gnn,core6,10,123,0.006380397809224268,0.004390387960513338,0.5116033755274262,0.5295358649789029,0.531578947368421,0.509704641350211,0.032263548698923,0.0033203482830273874,0.004712052393798019,-0.07060705108688126,0.00016519574592166464,vix_spike,158,948
gnn,core6,10,123,0.005736060573487103,0.004120129635009381,0.5015873015873016,0.5188208616780046,0.5260770975056689,0.4965079365079365,-0.00020381656966385212,-0.111264905692514,-0.1632769629529159,-0.11675396865416587,-0.022862189293164192,macro_shock_union,735,4410
gnn,core6,10,123,0.005994649809693842,0.004356248442284682,0.4989357173265219,0.5155385270327799,0.5148936170212766,0.49689229459344403,2.7616082663662205e-05,-0.1145226027913516,-0.1694787312140755,-0.1282222289935362,-0.025232501681102804,extreme_union,783,4698
oursmain,core6,10,456,0.005460677521298439,0.003934796611409623,0.5155535224153706,0.526075022872827,0.5175304878048781,0.512656297651723,0.04467422732676095,1.013211655007711,1.4801133955229284,-0.08844166685139498,0.2868937260409439,all_test,1093,6558
oursmain,core6,10,456,0.009997460262145865,0.008456131627923951,0.5188323917137476,0.4915254237288136,0.4460093896713615,0.48512241054613936,-0.031154156577885395,-0.6793305653771929,-1.005269359924266,-0.12021451665714267,-0.047550467286782805,high_fx_vol,177,1062
oursmain,core6,10,456,0.011758148898361456,0.009357929916399214,0.5349794238683128,0.522633744855967,0.4897959183673469,0.49135802469135803,-0.020105820105820106,-0.3758386150734933,-0.5666513195705377,-0.09550254255373147,-0.014866882916976465,large_abs_move,81,486
oursmain,core6,10,456,0.009952055678324728,0.007385479669123924,0.5266666666666666,0.54,0.5083333333333333,0.522,0.055428571428571445,1.7192223785819618,2.817667441280059,-0.05812635123584187,0.09513825136491505,cross_section_dispersion,100,600
oursmain,core6,10,456,0.0061472037936255615,0.00428760802817006,0.5656732891832229,0.5706401766004415,0.5840220385674931,0.5176600441501104,0.060091310443700266,1.620231967365297,2.829343610755667,-0.037510393140109954,0.13354732082098053,risk_off,302,1812
oursmain,core6,10,456,0.006082893355884414,0.004429659911882545,0.4941983122362869,0.5116033755274262,0.5052631578947369,0.5059071729957806,0.037364581637896244,0.9227795479693913,1.3551942669037822,-0.04837825521099148,0.08191082124312743,dollar_shock,316,1896
oursmain,core6,10,456,0.005965852519513715,0.004261630481962928,0.5037140204271123,0.4986072423398329,0.4733178654292343,0.5010213556174559,0.018277803864675417,0.27725841321080713,0.3803621711272245,-0.11702071959552995,0.03003137622772556,commodity_shock,359,2154
oursmain,core6,10,456,0.0063008070016178485,0.004417496353943036,0.541005291005291,0.544973544973545,0.528052805280528,0.5351851851851852,0.09084492890194247,2.4815957579246977,3.227687315040337,-0.06631528485377203,0.19367988972317107,yield_shock,252,1512
oursmain,core6,10,456,0.006388206506517191,0.004393772428079213,0.5348101265822784,0.5253164556962026,0.5368421052631579,0.4970464135021097,0.023643350286594485,0.18106542657776276,0.24935608356586506,-0.08041590293487388,0.01008188816922484,vix_spike,158,948
oursmain,core6,10,456,0.005754452133477337,0.004131292496830468,0.518140589569161,0.5197278911564626,0.5079365079365079,0.5095691609977324,0.03827337514849196,0.8316458644789826,1.2393261196681233,-0.07733042278778157,0.16782939971108135,macro_shock_union,735,4410
oursmain,core6,10,456,0.006020210943598033,0.004371380712083211,0.5155385270327799,0.513835674755215,0.502127659574468,0.5056619838229034,0.02665873292081576,0.4847153690498893,0.7215592766367921,-0.11694362121852464,0.10605112453140464,extreme_union,783,4698
foundation_relational,core6,10,456,0.005435955470508955,0.003924788408798958,0.4974077462641049,0.5208905154010369,0.5411585365853658,0.4910033546813053,-0.007979564216051454,0.4432308035131459,0.7642211668078759,-0.0776428340163875,0.1285464666700591,all_test,1093,6558
foundation_relational,core6,10,456,0.009946101303715668,0.0084479974441913,0.519774011299435,0.5499058380414312,0.5821596244131455,0.504708097928437,0.010169491525423725,2.4075095527979498,4.990901106088101,-0.045056902861688286,0.1831580999023572,high_fx_vol,177,1062
foundation_relational,core6,10,456,0.011706715914886886,0.00935675550848736,0.5411522633744856,0.5843621399176955,0.5714285714285714,0.502880658436214,0.01022927689594356,2.5941343552304694,6.069624587399596,-0.03323063105926849,0.12046142152394168,large_abs_move,81,486
foundation_relational,core6,10,456,0.009912490359159505,0.007383513594085874,0.5433333333333333,0.5733333333333334,0.625,0.5253333333333333,0.076,2.9531297803310474,6.700360590298297,-0.03634227357542841,0.17278362362230837,cross_section_dispersion,100,600
foundation_relational,core6,10,456,0.006164244549135526,0.004334439599809106,0.5331125827814569,0.5584988962472406,0.5840220385674931,0.4869757174392936,-0.008847080178883145,0.8268221202290286,1.6793845317655005,-0.06619490359025804,0.08240161912863186,risk_off,302,1812
foundation_relational,core6,10,456,0.006045099818648015,0.004392080166090667,0.5158227848101266,0.5432489451476793,0.5815789473684211,0.5012658227848101,0.025157611325009273,1.1395794845891092,2.2269143296456813,-0.05159201286869575,0.10514673012448839,dollar_shock,316,1896
foundation_relational,core6,10,456,0.00590035710723905,0.00423091775491451,0.5027855153203342,0.5153203342618384,0.5475638051044084,0.48597957288765087,-0.02262947826823344,0.07811856843905175,0.15101900186450648,-0.1317252841872687,0.00821758382153348,commodity_shock,359,2154
foundation_relational,core6,10,456,0.006281263457003707,0.004436624923073998,0.5224867724867724,0.548941798941799,0.5511551155115512,0.5153439153439153,0.042092094434822286,2.30324861885364,4.903584507862722,-0.029192485072144336,0.199432359290995,yield_shock,252,1512
foundation_relational,core6,10,456,0.006347955535631272,0.0043719943965685425,0.520042194092827,0.5232067510548524,0.5631578947368421,0.4957805907172996,0.016529535740418485,0.6857044222394298,1.4438169901854376,-0.04488337337352277,0.036480874605786084,vix_spike,158,948
foundation_relational,core6,10,456,0.005725160383557512,0.004119841944176938,0.5068027210884354,0.5219954648526077,0.5566893424036281,0.4926077097505669,-0.0038004241168484868,0.5915382769796028,1.067171249219375,-0.09258378717868254,0.12420583905100102,macro_shock_union,735,4410
foundation_relational,core6,10,456,0.0059894884416566594,0.004358512639038375,0.5025542784163474,0.5151128139633887,0.5446808510638298,0.49135802469135803,-0.008311107841851025,0.5085548276045633,0.8951368029856624,-0.09341019789508209,0.11560349750129717,extreme_union,783,4698
mlp,core6,10,456,0.00544028143428951,0.003931037179370708,0.4908508691674291,0.5065568770966759,0.5480182926829268,0.4936870997255261,-0.0009818067188518726,0.5542613146030867,0.9686198270203047,-0.08844307677213692,0.1559467029494499,all_test,1093,6558
mlp,core6,10,456,0.009947815599519932,0.008455408266582313,0.527306967984934,0.551789077212806,0.5446009389671361,0.512241054613936,0.02824858757062148,2.459368599935133,5.453476908881244,-0.04004352592892246,0.18248901241531712,high_fx_vol,177,1062
mlp,core6,10,456,0.01171172760175955,0.009373533623866136,0.5329218106995884,0.5432098765432098,0.5714285714285714,0.5300411522633744,0.07654320987654323,4.242318743349731,10.893507986556871,-0.022450432763434947,0.1885320101318939,large_abs_move,81,486
mlp,core6,10,456,0.00992821264654043,0.007412519510377251,0.515,0.5366666666666666,0.5416666666666666,0.49866666666666665,0.005142857142857147,2.285617290468987,5.83822717338782,-0.03973217977909371,0.12787566242514004,cross_section_dispersion,100,600
mlp,core6,10,456,0.006178252930609553,0.004346777459341307,0.5121412803532008,0.5320088300220751,0.5757575757575758,0.49161147902869756,-0.0020353488638405696,1.3499612355264983,2.59051813842864,-0.04824175880730763,0.13071042898218366,risk_off,302,1812
mlp,core6,10,456,0.006061923850188565,0.004402947623938386,0.5052742616033755,0.5179324894514767,0.5657894736842105,0.5042194092827004,0.024450038363928048,0.902793531749675,1.6994965032771363,-0.05006228628644749,0.0829964049148657,dollar_shock,316,1896
mlp,core6,10,456,0.005891765477873417,0.004221499487776996,0.5125348189415042,0.5292479108635098,0.5591647331786543,0.500464252553389,0.009444464561892294,0.797500394675782,1.4562014616159937,-0.07706001351471059,0.0838742921996527,commodity_shock,359,2154
mlp,core6,10,456,0.006279479573358572,0.004437557426023258,0.5033068783068783,0.5211640211640212,0.5676567656765676,0.5201058201058201,0.05125704325682776,2.3530277970662863,5.8246921733614885,-0.031870393780991435,0.19155739947132133,yield_shock,252,1512
mlp,core6,10,456,0.0063561660017327085,0.004390278536161646,0.4936708860759494,0.5021097046413502,0.5736842105263158,0.5101265822784811,0.034433530615740365,1.755834254197686,4.081403895914846,-0.040165952372262836,0.09450076428629473,vix_spike,158,948
mlp,core6,10,456,0.005728497941355502,0.004123464298731393,0.5047619047619047,0.5206349206349207,0.5589569160997733,0.500498866213152,0.01241661513333505,0.8534837537768165,1.51150584128587,-0.066578695520775,0.1743107618524391,macro_shock_union,735,4410
mlp,core6,10,456,0.005989899224551115,0.004361112659659889,0.501702852277565,0.5155385270327799,0.5531914893617021,0.5002128565346956,0.012020340241016022,0.9156137088880699,1.6147367425182968,-0.05736198217277888,0.20205631024077775,extreme_union,783,4698
lstm,core6,10,456,0.005454624602758206,0.00393706017675236,0.49786520280573343,0.5236352546508082,0.5137195121951219,0.48435498627630375,-0.02042279782377001,0.004974609383334467,0.007810544447439099,-0.1173816210377936,0.001362165218552036,all_test,1093,6558
lstm,core6,10,456,0.009988105327751365,0.008463248030142985,0.4934086629001883,0.4745762711864407,0.49295774647887325,0.47382297551789077,-0.06343825665859563,-0.7290869537533445,-1.0539760520072623,-0.09395415795734152,-0.045484822017897386,high_fx_vol,177,1062
lstm,core6,10,456,0.011714300512758702,0.009315500835636618,0.5390946502057613,0.48559670781893005,0.4897959183673469,0.4831275720164609,-0.046913580246913576,-0.734691740895119,-1.2032429468724184,-0.0615787967981305,-0.02809948054709821,large_abs_move,81,486
lstm,core6,10,456,0.009960212586179015,0.007419025680189861,0.52,0.5433333333333333,0.5166666666666667,0.51,0.025142857142857144,0.956144372462426,1.5694001822524126,-0.058356965262646554,0.047081127702767844,cross_section_dispersion,100,600
lstm,core6,10,456,0.006133802610666315,0.004300416734457675,0.5320088300220751,0.5695364238410596,0.5895316804407713,0.4949227373068433,0.011053438846744404,0.9588483303459459,1.4753023214374072,-0.06803544520334981,0.08403355942073176,risk_off,302,1812
lstm,core6,10,456,0.00608366496680313,0.004416913219746966,0.5052742616033755,0.5221518987341772,0.5131578947368421,0.48227848101265824,-0.023500260259925788,0.8139536803285695,1.438268398303166,-0.030702868752996437,0.06699669288173027,dollar_shock,316,1896
lstm,core6,10,456,0.005948038786055356,0.004247736971289366,0.4990714948932219,0.49396471680594245,0.46635730858468677,0.4811513463324048,-0.0346462636513986,-0.501794202905286,-0.7627575461702064,-0.0775705892087899,-0.048712504049490235,commodity_shock,359,2154
lstm,core6,10,456,0.006309144673047192,0.004438098546999331,0.5171957671957672,0.5370370370370371,0.5214521452145214,0.4962962962962963,-0.0012757679042100332,0.7090282799815167,1.067850306458131,-0.06942520566735766,0.05654238982037896,yield_shock,252,1512
lstm,core6,10,456,0.0064110619918658785,0.004420207212541455,0.510548523206751,0.5210970464135021,0.5105263157894737,0.4940928270042194,0.011016631127542345,1.9691423581853038,3.2910476599638736,-0.03337442305928562,0.09917572530639518,vix_spike,158,948
lstm,core6,10,456,0.005754955807346658,0.004137543811163984,0.5015873015873016,0.5179138321995465,0.5090702947845805,0.4887074829931973,-0.01382887180116103,0.2700852545410142,0.41982244779740796,-0.07226566430881576,0.05329302902350719,macro_shock_union,735,4410
lstm,core6,10,456,0.006015861840787708,0.00437429367895024,0.4995742869306088,0.5129842486164325,0.4957446808510638,0.4878671775223499,-0.01699499095365326,0.2250406556067278,0.35229704423734115,-0.07028198845773659,0.04799948183313063,extreme_union,783,4698
gru,core6,10,456,0.005440565702005132,0.003920822182585402,0.5054894784995425,0.531869472400122,0.5297256097560976,0.49576090271424217,0.0005636783049146571,0.07933566191585019,0.1259229314306159,-0.14595404964688896,0.0220107910988645,all_test,1093,6558
gru,core6,10,456,0.00997086774709221,0.008458055846909725,0.5103578154425612,0.536723163841808,0.5305164319248826,0.4990583804143126,-0.005649717514124285,0.016343635344980286,0.027477624166295834,-0.09115817747078836,0.0010944479436147958,high_fx_vol,177,1062
gru,core6,10,456,0.01177545945257117,0.009405923062668417,0.49176954732510286,0.5102880658436214,0.47959183673469385,0.49135802469135803,-0.014462081128747804,-0.26739446170650877,-0.4688301466999342,-0.06430849519165349,-0.010625378559780074,large_abs_move,81,486
gru,core6,10,456,0.00997495487220167,0.0074253007128186254,0.485,0.51,0.48333333333333334,0.5013333333333333,0.0034285714285714176,0.6095832388846452,1.2190250717447997,-0.05989492067237734,0.03263382835393713,cross_section_dispersion,100,600
gru,core6,10,456,0.006176601342008328,0.00433375798595143,0.5115894039735099,0.5596026490066225,0.5674931129476584,0.4900662251655629,-0.012550672238377174,-0.037085104324930306,-0.06160966280795448,-0.09491439127577905,-0.003234328047710733,risk_off,302,1812
gru,core6,10,456,0.006097448644707528,0.00443019804669576,0.4868143459915612,0.49261603375527424,0.4763157894736842,0.4930379746835443,-0.005959573098985463,0.42975828252937837,0.7365455491816422,-0.05322186533885542,0.0382132689910577,dollar_shock,316,1896
gru,core6,10,456,0.005907637947918251,0.004219435971385568,0.5185701021355618,0.5283194057567316,0.5243619489559165,0.4921077065923863,-0.015519299641862315,0.20645003482468813,0.3151965985682122,-0.09830788984800165,0.020051379506639933,commodity_shock,359,2154
gru,core6,10,456,0.006307117601200238,0.004458541611451095,0.501984126984127,0.5251322751322751,0.5445544554455446,0.49153439153439155,-0.021758829759045268,0.19522791358796734,0.3208717573752367,-0.06522411454920984,0.01596683004731858,yield_shock,252,1512
gru,core6,10,456,0.006413123147717526,0.004428264838243233,0.48523206751054854,0.4831223628691983,0.48947368421052634,0.490295358649789,-0.01770576464281721,0.5371831353972875,0.8690265551205185,-0.0621838571923945,0.027272607054783293,vix_spike,158,948
gru,core6,10,456,0.005744551868543829,0.0041282487327445735,0.49863945578231295,0.5156462585034014,0.5136054421768708,0.4925170068027211,-0.010323556230687116,-0.003875374462524311,-0.006321550680401386,-0.14048898244777774,-0.0007637675482783379,macro_shock_union,735,4410
gru,core6,10,456,0.0060002674872714655,0.004361647449339897,0.5031928480204342,0.5223499361430396,0.5308510638297872,0.49212430821626224,-0.011661137895800984,-0.10845652966724532,-0.17485147891949318,-0.1547217621262007,-0.023205103560258067,extreme_union,783,4698
gnn,core6,10,456,0.005440535455901241,0.003924281606380166,0.4925282098200671,0.5108264714852089,0.5076219512195121,0.49752973467520584,0.006305599849468185,0.53139764980041,0.9056564827179358,-0.10044472134450189,0.14710727238889376,all_test,1093,6558
gnn,core6,10,456,0.00995601436217058,0.008463034075650367,0.4839924670433145,0.4952919020715631,0.5117370892018779,0.5013182674199623,0.010169491525423723,1.8143662159158278,3.8050095680658784,-0.05125207400487852,0.13053153853979893,high_fx_vol,177,1062
gnn,core6,10,456,0.011715096926012776,0.00936707091299666,0.5370370370370371,0.5390946502057613,0.5408163265306123,0.5152263374485597,0.061728395061728406,3.10217515341359,6.677379347191684,-0.03248629462905228,0.12868112622163608,large_abs_move,81,486
gnn,core6,10,456,0.00993166199504246,0.007406206013774105,0.5233333333333333,0.5766666666666667,0.5166666666666667,0.536,0.1,3.448167229301027,6.969762062528918,-0.032054143368441146,0.1776787565449922,cross_section_dispersion,100,600
gnn,core6,10,456,0.006172802975447112,0.004340419114541588,0.5320088300220751,0.5584988962472406,0.559228650137741,0.5110375275938189,0.04957254651645603,2.6727295029144713,5.825674698536779,-0.021233409789601865,0.23769452494570942,risk_off,302,1812
gnn,core6,10,456,0.006074875655502423,0.00440706495032348,0.4994725738396624,0.5021097046413502,0.5,0.5086497890295358,0.039503054865664494,1.7765404473855273,3.471096193458227,-0.046315495634189574,0.16876336067798547,dollar_shock,316,1896
gnn,core6,10,456,0.005910532633723591,0.004231650934862772,0.48885793871866295,0.48653667595171773,0.4617169373549884,0.4971216341689879,0.004389658553870418,0.6722395315364786,1.1184246753022813,-0.06961942608177196,0.06775926448972314,commodity_shock,359,2154
gnn,core6,10,456,0.006294290093145914,0.004441687689013639,0.5006613756613757,0.5277777777777778,0.504950495049505,0.5095238095238095,0.03364486701642489,2.17486221050218,4.459231182264263,-0.027321239165758016,0.17369911675177718,yield_shock,252,1512
gnn,core6,10,456,0.00638352101112973,0.004399322459229042,0.4947257383966245,0.48945147679324896,0.49473684210526314,0.5042194092827004,0.01942284496284164,1.8154126973375595,4.256986126430712,-0.038223356202252035,0.09092150686001332,vix_spike,158,948
gnn,core6,10,456,0.005735464786408205,0.00412177235983195,0.5,0.5133786848072562,0.5102040816326531,0.5041269841269841,0.02352672489537581,1.0671779202003342,1.7845072850031596,-0.05971778512775927,0.21127091890684824,macro_shock_union,735,4410
gnn,core6,10,456,0.005994035395349127,0.004357756091707587,0.4985100042571307,0.5065985525755641,0.5042553191489362,0.5015751383567476,0.016246122894856514,0.9116091088682493,1.5486228747942792,-0.06250333486241288,0.1952316697979768,extreme_union,783,4698
