model,regime,n_obs_mean,rmse_mean,rmse_std,mae_mean,mae_std,hit_ccy_mean,hit_ccy_std,hit_pair_mean,hit_pair_std,extreme_rmse_mean,extreme_rmse_std,extreme_hit_mean,extreme_hit_std
LSTM,FX_move_top10,89.0,0.011326427827934285,1.2873469380662725e-05,0.00803652537662638,3.980044317376636e-05,0.6812734082397004,0.016949376028441567,0.6104868913857678,0.005742776613498967,0.02584693859120751,0.0001293375998339053,0.7565543071161048,0.01401369807780502
MLP,FX_move_top10,89.0,0.011228093253005873,0.00011646638815309398,0.007841014889962618,0.00013879957691662694,0.6760299625468166,0.006108429374644208,0.612053115423902,0.0014251582932554747,0.02575685435296581,8.420417652769256e-05,0.7752808988764045,0.03307775605366234
NoGraph,FX_move_top10,89.0,0.010898430791973121,1.8678635175515835e-05,0.007729061325752459,6.805761147740147e-06,0.6812734082397004,0.0038194902723541176,0.6285325161729656,0.004745318730727809,0.024477562382255003,0.00011286782253534325,0.7865168539325843,0.0
NoMacro,FX_move_top10,89.0,0.01190744645382485,0.0002098575756151593,0.008609584572584678,0.00011981908080887896,0.650561797752809,0.006015872061501526,0.5816819884235614,0.006047201436647834,0.026961925360843925,0.001154011819355523,0.7191011235955056,0.04767012007999198
StaticGraph,FX_move_top10,89.0,0.010297940458312296,0.00012254012046694824,0.007286765004190978,4.617880591988047e-05,0.7123595505617978,0.005504471332097034,0.6491658154579504,0.004299269763068338,0.022279983720656833,0.0004750996034507027,0.846441947565543,0.019097451361770726
PureGraphFX,FX_move_top10,89.0,0.010419982443994487,0.0001347387868053266,0.00739025917929903,7.291749773220287e-05,0.7086142322097378,0.009235077158005936,0.6625127681307457,0.003182382416220045,0.02263732440544404,0.0010386056260897262,0.8651685393258427,0.02427243707268859
Ours,FX_move_top10,89.0,0.010342567935545947,4.133443756120122e-05,0.006985897414375011,7.709777049973697e-05,0.7325842696629213,0.0024272437072688775,0.6813755532856657,0.0036251499228345326,0.023597122448850802,0.0002520350990861865,0.8913857677902621,0.00529668000888801
LSTM,Oil_shock_top10,108.0,0.007381578750553154,2.5518803037621482e-05,0.004638322762503568,2.1202949015692282e-05,0.5799382716049383,0.009019530368026243,0.5485409652076318,0.006782002545582908,0.019137395957862846,4.980383464051899e-05,0.7314814814814815,0.013094570021973107
MLP,Oil_shock_top10,108.0,0.00777988756855585,9.298442457293866e-05,0.004812070063161329,7.919904068993436e-05,0.5574074074074074,0.0027258521192370096,0.5502244668911335,0.011909179703385769,0.020004864419433225,0.0002809353714573272,0.6604938271604938,0.011548325267820809
NoGraph,Oil_shock_top10,108.0,0.007200040747399342,2.3183465626772556e-05,0.004510047391216284,2.1811057177966373e-05,0.5885802469135802,0.009330997813475881,0.5780583613916948,0.004172307585957583,0.018387017318970637,5.1291859881242735e-05,0.6851851851851851,0.01512030705421717
NoMacro,Oil_shock_top10,108.0,0.007647578145307503,0.00010916761330576223,0.004795665009117941,4.4865553832530114e-05,0.5404320987654322,0.012926167648995004,0.5364197530864198,0.013322965658586388,0.019803533108570408,0.0008280498801307947,0.6851851851851851,0.013094570021973107
StaticGraph,Oil_shock_top10,108.0,0.006854534170180777,6.236855542516931e-05,0.0044363012150346335,2.5567433594120834e-05,0.5941358024691358,0.0064298353876542265,0.5870931537598204,0.007424393000467445,0.016494590878200793,0.0003303196989950205,0.7962962962962963,0.020002286106197087
PureGraphFX,Oil_shock_top10,108.0,0.006982787997578067,4.706143121764823e-05,0.004458469370667394,8.683946794264027e-05,0.6061728395061728,0.013615274691427651,0.5865319865319866,0.003644564058614962,0.016945075565505476,0.0006436651374753616,0.8117283950617283,0.026550386626674756
Ours,Oil_shock_top10,108.0,0.007065882239260174,4.833026966073556e-05,0.004233132939644707,3.705739240835781e-05,0.6317901234567901,0.0064298353876542265,0.6102693602693603,0.006530308600019219,0.018178855577761232,0.0002563625626136143,0.8117283950617283,0.0157377145481259
LSTM,US2Y_shock_top10,322.0,0.005776109808841432,1.4928853075550731e-05,0.004118426119215633,1.5252088064506839e-05,0.6035196687370601,0.008441773514648082,0.5496141539619801,0.004304301896933667,0.0134585124565091,8.874062549092078e-05,0.7412008281573499,0.01301222059003784
MLP,US2Y_shock_top10,322.0,0.005897468951450353,6.426070922208172e-05,0.004259356634121033,6.15464384660959e-05,0.5914078674948241,0.01090745638519408,0.5468849990589121,0.0071963632250230305,0.013097276806726852,8.036532568159474e-05,0.715320910973085,0.01250832916521178
NoGraph,US2Y_shock_top10,322.0,0.005574526105597489,2.7330168515472262e-06,0.0039614033827439915,2.8475756387206764e-06,0.6278467908902692,0.0021565907511387006,0.5780161867118389,0.0017375245477649582,0.012887998266443915,1.705870063327916e-05,0.7598343685300207,0.006381380955454421
NoMacro,US2Y_shock_top10,322.0,0.0060395384759634714,3.077440826814461e-05,0.004299564127834933,1.686082654618527e-05,0.5743271221532091,0.027990922110029987,0.5344438170525126,0.00796500682137146,0.014291444770208966,0.00015627033932060495,0.6645962732919255,0.010142814669909614
StaticGraph,US2Y_shock_top10,322.0,0.005470511943786668,5.065544289023693e-05,0.0038710762056019636,3.9872649168985074e-05,0.6449275362318839,0.006955104361176301,0.5977225672877847,0.005045635544481878,0.012428517513396839,0.0001468550732918867,0.7960662525879917,0.003873351332064109
PureGraphFX,US2Y_shock_top10,322.0,0.005528676576980568,0.00010899619056635989,0.0039298387884448205,8.57680315138425e-05,0.6439958592132505,0.016668916942335694,0.6048183700357613,0.004786872985643509,0.012522174034684854,6.294426430920642e-05,0.7919254658385094,0.03237369724867884
Ours,US2Y_shock_top10,322.0,0.005200619613403537,1.5881411874201072e-05,0.003678051968801771,4.552204857279581e-06,0.668840579710145,0.002793113367128798,0.6165631469979296,0.00018632589754586127,0.011852349570008748,2.5908701901303643e-05,0.8260869565217392,0.004391967585009594
LSTM,VIX_top10,82.0,0.007434143306378743,4.477496658685825e-05,0.005395474368490027,4.226185539814383e-05,0.5630081300813008,0.017709773098204814,0.5431633407243163,0.010345264276081411,0.017018598446961606,0.00010587307477332232,0.6585365853658537,0.03590146693629205
MLP,VIX_top10,82.0,0.007448316890013963,7.675599188335978e-05,0.005406411730301421,7.882165562044057e-05,0.5695121951219512,0.024952860574346,0.5552845528455285,0.002098310357217809,0.016788334902290813,0.0003784680923158632,0.6991869918699187,0.04599068495522259
NoGraph,VIX_top10,82.0,0.007099685137770182,3.1533778631419836e-05,0.005072611277516141,2.4861679599289145e-05,0.6069105691056911,0.0063237191813431135,0.5806356245380636,0.0033643183079795956,0.016016843177621035,4.983258986770305e-05,0.6951219512195123,0.02634447438377176
NoMacro,VIX_top10,82.0,0.007665154210875796,0.0001806358267715499,0.005587101917135774,8.724079146791829e-05,0.5211382113821138,0.010363860799985344,0.5101256467110126,0.0024108656955358727,0.017538454939167603,7.385407350880774e-05,0.6504065040650406,0.08291088639988266
StaticGraph,VIX_top10,82.0,0.0070417161344853915,8.48679111055807e-05,0.005094576384246236,7.079894054233479e-05,0.6069105691056911,0.009251875346943945,0.5966740576496674,0.00872949875167608,0.01528629391467848,0.00026855041437206243,0.7682926829268292,0.017246506858208492
PureGraphFX,VIX_top10,82.0,0.0071709640015443915,0.00023825935979195127,0.005206153628994695,0.00018440590496375645,0.5861788617886178,0.027528460086726825,0.5886178861788617,0.019297119200966405,0.015285806608280023,0.00020212563586074846,0.7479674796747968,0.04024184933581981
Ours,VIX_top10,82.0,0.006820675841912566,4.8835148451677996e-05,0.004908341026078425,1.9074207518057365e-05,0.6357723577235772,0.004705624757231803,0.6137472283813746,0.0053613927814699525,0.015005581974267443,0.00031798962994812494,0.8170731707317073,0.01724650685820844
LSTM,all_test,1104.0,0.005621877000735023,3.615162504201368e-05,0.003958546070699288,2.9618983754181516e-05,0.6004227053140098,0.006475164703748884,0.5585529205094423,0.0015935774363420281,0.013297394897735515,2.56940707348904e-05,0.7352053140096618,0.022799392667455173
MLP,all_test,1104.0,0.005727524163503743,5.315334732719445e-05,0.004058191421811905,4.6533013856236216e-05,0.5882850241545894,0.0054117534091003535,0.5549626701800615,0.0031155756419483454,0.012994195130880237,8.548836294236281e-05,0.7285628019323672,0.002800005584388796
NoGraph,all_test,1104.0,0.0054448647653092645,7.93312421295341e-06,0.0038269163031129177,6.682420894908314e-06,0.616153381642512,0.00201368743967793,0.5807696530522617,0.00039003776171126804,0.012747541306372338,1.505521518424512e-05,0.7557367149758454,0.0048120100997914314
NoMacro,all_test,1104.0,0.005834381962865297,4.2809316665384205e-05,0.004090800086806636,3.399677108055473e-05,0.5710144927536233,0.01897264771740275,0.5378403601229688,0.0071127731926086,0.014019164491284562,0.00019424407466976502,0.6657608695652174,0.01411029160090326
StaticGraph,all_test,1104.0,0.005257357464660117,3.883848942050145e-05,0.0036953018698072,2.7036020741301932e-05,0.6354770531400966,0.00342556874485092,0.5998902064119456,0.003962194886350506,0.012016791558266883,0.00014887138259427342,0.7983091787439612,0.009538387076649354
PureGraphFX,all_test,1104.0,0.005344174350469387,6.636944857278478e-05,0.003759505061132586,5.067563626796566e-05,0.6331521739130435,0.009480484012942242,0.6020366710584102,0.004552814569629492,0.012181187619316318,0.00013110507809339662,0.7934782608695651,0.021139578579968957
Ours,all_test,1104.0,0.0050854291454209746,1.1980829455491283e-05,0.0035243734327100287,1.6339302626359438e-05,0.6578200483091788,0.001494488969899109,0.6195267896354852,0.0013395942629714245,0.011810398919206704,6.03302809349516e-05,0.8266908212560388,0.003079118063763773
LSTM,composite_macro_shock_top10,103.0,0.006472310142354655,0.00011007493444590817,0.00451859122224012,8.130024066790626e-05,0.5262135922330097,0.007562020353105429,0.5080906148867314,0.0007938062702696018,0.015327767402212927,0.00013762270251570265,0.6245954692556634,0.02421784716358542
MLP,composite_macro_shock_top10,103.0,0.0064357733964845185,5.115258332125008e-05,0.0045546590486511265,3.39566578136986e-05,0.5333333333333333,0.003300336254752623,0.5135628125919388,0.0148966124423985,0.01483478900412268,0.0001935140955501263,0.6407766990291263,0.020973270868633875
NoGraph,composite_macro_shock_top10,103.0,0.005992114461895327,4.2143162440404965e-05,0.004193262156904687,3.005052598041675e-05,0.5967637540453076,0.0032037200442109016,0.555634010002942,0.0029689851865943944,0.013797644857025948,6.796140066357074e-05,0.7119741100323624,0.02548222612948805
NoMacro,composite_macro_shock_top10,103.0,0.0065638325275170885,8.46994026063407e-05,0.004546644043055399,2.9789707956993456e-05,0.5087378640776699,0.008389308347453543,0.49379229185054435,0.0072586794998493725,0.015640583988967897,0.000221745820885546,0.546925566343042,0.02548222612948805
StaticGraph,composite_macro_shock_top10,103.0,0.0059175450866743,3.384059743049882e-05,0.004164689610801108,1.1565378120545939e-05,0.5964401294498382,0.006054461790896342,0.5766990291262136,0.008594791238133706,0.012937421429380938,0.00010255608765959196,0.773462783171521,0.018306971681205108
PureGraphFX,composite_macro_shock_top10,103.0,0.006071319844037505,0.000175644273482922,0.00423357866520908,0.00010579918215472302,0.6009708737864078,0.013476157160943027,0.5815828184760224,0.0032399882078108164,0.01324404148188211,0.0005133570277971513,0.7961165048543689,0.02746045752180766
Ours,composite_macro_shock_top10,103.0,0.005876504679351959,5.2182370604800615e-05,0.004052036515462044,2.5521729129114207e-05,0.6145631067961165,0.00835177210392485,0.5912915563401001,0.004560829037970235,0.013478745002373825,0.00035796203673131024,0.7540453074433656,0.02421784716358537
LSTM,normal,668.0,0.004752253024781674,5.164458427905991e-05,0.0035240261569033197,3.4727681814754166e-05,0.5968063872255489,0.006292571476829858,0.5593993830520777,0.0013052172388571218,0.010534037678667481,9.712705337840333e-05,0.7155688622754491,0.03607339235913734
MLP,normal,668.0,0.004826337846792667,7.314197597181536e-05,0.003611703216774854,5.3744234644402764e-05,0.5860279441117765,0.00822157845025736,0.555026311014335,0.0021055458564130463,0.010010499906534706,9.135713824150281e-05,0.7415169660678642,0.019027620723490613
NoGraph,normal,668.0,0.004634561251586304,6.7588820288125725e-06,0.0034269384676547305,6.999974553045084e-06,0.6085828343313374,0.0013738423051832627,0.5786608600979858,0.0005591355085512817,0.010269580940099849,1.3020099344434052e-05,0.7415169660678642,0.006731904971672694
NoMacro,normal,668.0,0.004889760163184271,4.383202841516757e-05,0.003616259465111021,3.254931760604539e-05,0.566816367265469,0.017533228849472993,0.537416076937035,0.007110778081360836,0.01112606255546648,0.00011292762518672465,0.6482035928143713,0.04083287933229296
StaticGraph,normal,668.0,0.004479705310594828,3.092520136509636e-05,0.0032987103603049346,2.3496223820091953e-05,0.6308383233532934,0.0016030317768671882,0.5982671021593178,0.0029316119386692983,0.009764026107143763,9.156703419151534e-05,0.782934131736527,0.0044070663005628015
PureGraphFX,normal,668.0,0.004562068788934564,7.041833075218175e-05,0.0033584536904435777,3.6556490255015485e-05,0.6269960079840319,0.006721910660812213,0.5984576301941571,0.004436126793536065,0.009832998511287515,5.5800797761263314e-05,0.7729540918163673,0.023105462879820803
Ours,normal,668.0,0.004258911330991745,1.9439341265453205e-05,0.003142997236956441,1.8368752431425774e-05,0.6506487025948103,0.0009255108278937913,0.6164579931046997,0.0012526986459149311,0.009164467946196164,7.840380682595619e-05,0.8203592814371258,0.0021170861712171856

