model,seed,lookback,gross_exposure,cost_bps,top_k,turnover_mean_daily,turnover_std_daily,cost_mean_daily,pred_nan_count,target_nan_count,target_mean,target_std,target_min,target_max,target_q01,target_q50,target_q99,sharpe,cumulative_return,terminal_wealth,cagr,volatility,sortino,mdd,ret_mean_daily,ret_std_daily,ret_min,ret_max,ret_q01,ret_q05,ret_q50,ret_q95,ret_q99,cumulative_return_pct,volatility_pct,mdd_pct,cagr_pct,diag_ls_sharpe,diag_ls_cumulative_return
GAT,42,20,1.0,0.0,3,1.3919082125603863,0.46102332077211067,0.0,0,0,-8.48203787898973e-05,0.006002131787413445,-0.09879419207572937,0.09815868735313416,-0.015709616728127002,0.0,0.016144110281020415,8.121574878769604,2.4560335693924955,3.4560335693924955,0.32719969040486974,0.03494880055776249,13.36646497475584,-0.015952473896792933,0.0011263464311629084,0.002201567496519881,-0.015952473896807835,0.01665740864215574,-0.003196969798882492,-0.00196926595478241,0.0009402867629736041,0.004784576141294863,0.0074769274991316175,245.60335693924955,3.494880055776249,-1.5952473896792934,32.71996904048697,8.121574880614101,10.864450147662787
GAT,123,20,1.0,0.0,3,1.392512077294686,0.47515092251726315,0.0,0,0,-8.48203787898973e-05,0.006002131787413445,-0.09879419207572937,0.09815868735313416,-0.015709616728127002,0.0,0.016144110281020415,8.136283851109846,2.3779136131213288,3.3779136131213288,0.3202913413857036,0.034240495093212565,12.484705213328924,-0.01689356971472295,0.001105517409844886,0.002156948446246853,-0.016893569714738987,0.015856846109575898,-0.0036331303902746486,-0.0020093599649650662,0.0009466452805402998,0.004576647788053375,0.007387968198939541,237.79136131213286,3.4240495093212564,-1.6893569714722951,32.029134138570356,8.136283852995907,10.337091466872552
GAT,456,20,1.0,0.0,3,1.3997584541062802,0.44458840700810154,0.0,0,0,-8.48203787898973e-05,0.006002131787413445,-0.09879419207572937,0.09815868735313416,-0.015709616728127002,0.0,0.016144110281020415,7.737324176144544,2.229354308166013,3.229354308166013,0.30680621579914047,0.03467967293399961,12.659281425868917,-0.016664391470824456,0.0010647931421151617,0.0021846140497719206,-0.0166643914708402,0.01714970441147064,-0.0031952587234506304,-0.0019953817017570445,0.0009085080018849112,0.004663783831832308,0.007108781075997587,222.9354308166013,3.467967293399961,-1.6664391470824456,30.680621579914046,7.7373241779154105,9.361518323177693
GRU,42,20,1.0,0.0,3,1.1144323671497585,0.47975960184941524,0.0,0,0,-8.48203787898973e-05,0.006002131787413445,-0.09879419207572937,0.09815868735313416,-0.015709616728127002,0.0,0.016144110281020415,5.462109836793964,1.2570682091198293,2.2570682091198293,0.2042049745673089,0.034138689723554806,10.001434141956269,-0.019517909700148002,0.0007399574323582765,0.0021505353107648187,-0.00691848174513628,0.0168848878092831,-0.004333958406932651,-0.002387065526181686,0.000574201135502032,0.004478760878797991,0.006494557422799214,125.70682091198293,3.4138689723554805,-1.9517909700148002,20.420497456730892,5.462109838063904,4.065569592290384
GRU,123,20,1.0,0.0,3,1.131340579710145,0.511734030418548,0.0,0,0,-8.48203787898973e-05,0.006002131787413445,-0.09879419207572937,0.09815868735313416,-0.015709616728127002,0.0,0.016144110281020415,5.615702281927368,1.451054160681191,2.451054160681191,0.22708326528855993,0.03657428866342008,9.195170669249494,-0.01719249381657187,0.0008150409377263429,0.0023039636223928205,-0.015813995945791245,0.01784517549094744,-0.0043142367760689625,-0.0023725848218115663,0.0006453641423528703,0.004608582274340732,0.007069416506371151,145.1054160681191,3.657428866342008,-1.7192493816571868,22.70832652885599,5.6157022831460734,4.968469246224863
GRU,456,20,1.0,0.0,3,1.168780193236715,0.47692346380060285,0.0,0,0,-8.48203787898973e-05,0.006002131787413445,-0.09879419207572937,0.09815868735313416,-0.015709616728127002,0.0,0.016144110281020415,5.454724429598112,1.3202898306594388,2.320289830659439,0.2118224357615628,0.035349541137251035,9.163213959292076,-0.02761875260540193,0.0007651666889541533,0.002226811780176514,-0.016297749908214122,0.01690122411431124,-0.004256116868734049,-0.0024849196187763786,0.0006519404814753216,0.004386333191844936,0.00700864612157602,132.0289830659439,3.5349541137251035,-2.761875260540193,21.182243576156278,5.454724430822896,4.351108442621422
LSTM,42,20,1.0,0.0,3,1.1657608695652173,0.47353575194882275,0.0,0,0,-8.48203787898973e-05,0.006002131787413445,-0.09879419207572937,0.09815868735313416,-0.015709616728127002,0.0,0.016144110281020415,5.770899476737074,1.4057547761801823,2.4057547761801823,0.22186933683983456,0.034841605559220175,8.875386545414132,-0.019609896179204313,0.0007978865209935841,0.0021948148463310025,-0.0160561063651888,0.016701103294811524,-0.00418688482693445,-0.0025394912780029692,0.0006646779462850341,0.004425520156898224,0.006565376926446336,140.57547761801823,3.4841605559220175,-1.9609896179204314,22.186933683983455,5.77089947805174,4.753113118541451
LSTM,123,20,1.0,0.0,3,1.1923309178743962,0.47027654610008907,0.0,0,0,-8.48203787898973e-05,0.006002131787413445,-0.09879419207572937,0.09815868735313416,-0.015709616728127002,0.0,0.016144110281020415,5.7852572700534415,1.4110141324299157,2.4110141324299157,0.22247855301545627,0.03484126159861698,10.869189003231511,-0.023954087744698874,0.0007998637379413993,0.0021947931788496486,-0.007524536340497433,0.016701103294811524,-0.003908150830538942,-0.0022981987276580185,0.0006046150908029327,0.0044733156239696314,0.007343676694436,141.10141324299155,3.484126159861698,-2.3954087744698875,22.247855301545627,5.78525727137139,4.778366456934102
LSTM,456,20,1.0,0.0,3,1.1871980676328502,0.4994014342245931,0.0,0,0,-8.48203787898973e-05,0.006002131787413445,-0.09879419207572937,0.09815868735313416,-0.015709616728127002,0.0,0.016144110281020415,5.761170432947619,1.3802575921789146,2.3802575921789146,0.2189012218683679,0.03447564074594398,11.562093823793559,-0.019075447356961095,0.0007881747703272089,0.002171761230032693,-0.005174905682603518,0.016701103294811524,-0.0039007424443843774,-0.00253819853872604,0.0006213594218327972,0.00428592785873055,0.007174480577232315,138.02575921789148,3.447564074594398,-1.9075447356961095,21.89012218683679,5.7611704342740016,4.63262701151847
MLP,42,20,1.0,0.0,3,1.4166666666666667,0.4812386221654335,0.0,0,0,-8.48203787898973e-05,0.006002131787413445,-0.09879419207572937,0.09815868735313416,-0.015709616728127002,0.0,0.016144110281020415,4.904288546825464,1.197795634089149,2.197795634089149,0.1969122722135106,0.036801441661972925,8.284746647188385,-0.01859388022354437,0.0007162098763868225,0.0023182729162912357,-0.016091989561876588,0.016619125924383603,-0.004415484134030217,-0.002513361448291107,0.0005537742072192486,0.004653637872252142,0.007146621752799548,119.7795634089149,3.6801441661972927,-1.859388022354437,19.69122722135106,4.904288547883211,3.799216467625935
MLP,123,20,1.0,0.0,3,1.4489734299516908,0.4490938156576675,0.0,0,0,-8.48203787898973e-05,0.006002131787413445,-0.09879419207572937,0.09815868735313416,-0.015709616728127002,0.0,0.016144110281020415,5.435074022121428,1.320920643344511,2.320920643344511,0.21189762974330084,0.0354896588778709,9.03773272355712,-0.017585737549797354,0.0007654322342105843,0.002235638368175286,-0.015353418736291737,0.019846577119703092,-0.004136344830427939,-0.0025192184548359364,0.0005924672999147635,0.004524235166779056,0.0066330668897110956,132.0920643344511,3.54896588778709,-1.7585737549797353,21.189762974330083,5.435074023336981,4.353802835292553
MLP,456,20,1.0,0.0,3,1.416062801932367,0.45818352471482005,0.0,0,0,-8.48203787898973e-05,0.006002131787413445,-0.09879419207572937,0.09815868735313416,-0.015709616728127002,0.0,0.016144110281020415,5.937692748819291,1.562307716708904,2.562307716708904,0.23957991961164748,0.036297093493039896,9.539973675070117,-0.01565373139357429,0.0008552420191938051,0.002286501967977246,-0.015653731393589013,0.019846577119703092,-0.004127917618316133,-0.0025922006664283494,0.0007080159897062306,0.004537401617562863,0.006705519605893643,156.2307716708904,3.62970934930399,-1.5653731393574288,23.957991961164748,5.937692750117715,5.5227148536048265
Ours,42,20,1.0,0.0,3,1.3469202898550725,0.43969065208912367,0.0,0,0,-8.48203787898973e-05,0.006002131787413445,-0.09879419207572937,0.09815868735313416,-0.015709616728127002,0.0,0.016144110281020415,11.425429618379978,5.012549102352303,6.012549102352303,0.5060125872916181,0.03592352312580597,17.10116242632446,-0.016893569714723486,0.001628736845706911,0.00226296924681334,-0.016893569714738987,0.015432152145270567,-0.003170534485252574,-0.0014455997749488832,0.0013846854902415848,0.005432185827521605,0.008637363271942994,501.25491023523034,3.592352312580597,-1.6893569714723486,50.60125872916181,11.425429620904412,34.84453523003778
Ours,123,20,1.0,0.0,3,1.3704710144927537,0.43901776356006683,0.0,0,0,-8.48203787898973e-05,0.006002131787413445,-0.09879419207572937,0.09815868735313416,-0.015709616728127002,0.0,0.016144110281020415,11.392143108735358,4.97479021063686,5.97479021063686,0.5038484952873858,0.035901979517819343,17.01234058480002,-0.017247279101850643,0.0016230178117217602,0.002261612127073443,-0.017247279101866297,0.015298450792518754,-0.003032659329619491,-0.0015600565105463222,0.0014359221677295861,0.005252805209602224,0.0077972162968944795,497.47902106368605,3.5901979517819345,-1.7247279101850643,50.384849528738584,11.392143111253944,34.396776612917456
Ours,456,20,1.0,0.0,3,1.3602053140096617,0.4429614958317545,0.0,0,0,-8.48203787898973e-05,0.006002131787413445,-0.09879419207572937,0.09815868735313416,-0.015709616728127002,0.0,0.016144110281020415,11.476255196279848,5.008292073288536,6.008292073288536,0.5057691277875509,0.035749752491994094,18.11451315054079,-0.01687711676639362,0.0016280685825474824,0.002252022725807809,-0.016877116766409017,0.015298450792518754,-0.0026024148299378185,-0.0014727691370353569,0.0014187079984064135,0.005406930203510754,0.008053778093696272,500.8292073288536,3.5749752491994093,-1.687711676639362,50.57691277875509,11.476255198827833,34.796050150870194
Transformer,42,20,1.0,0.0,3,1.2629830917874396,0.5356087360737305,0.0,0,0,-8.48203787898973e-05,0.006002131787413445,-0.09879419207572937,0.09815868735313416,-0.015709616728127002,0.0,0.016144110281020415,6.019972110560298,1.6138536020224223,2.6138536020224223,0.245228302799543,0.03655838244892246,10.859419011178035,-0.01974502691096077,0.000873335090276628,0.0023029616250627933,-0.010396996745839713,0.017458237469933618,-0.004011649952687246,-0.002354457811452448,0.0006939920082610721,0.004401932159817078,0.007572692205042896,161.38536020224223,3.655838244892246,-1.974502691096077,24.5228302799543,6.019972111867303,5.78705016113495
Transformer,123,20,1.0,0.0,3,1.2566425120772946,0.5087688407058594,0.0,0,0,-8.48203787898973e-05,0.006002131787413445,-0.09879419207572937,0.09815868735313416,-0.015709616728127002,0.0,0.016144110281020415,6.72239789033527,1.7877378014388734,2.7877378014388734,0.2636697557999812,0.034918520216949786,14.644350223704569,-0.01461646677981665,0.0009314928041271933,0.002199660014343579,-0.005203313427045941,0.017100540433602873,-0.0037068982682346052,-0.0021034894976764912,0.0006750456268491689,0.004794470945004526,0.007652206046041103,178.77378014388734,3.4918520216949784,-1.461646677981665,26.36697557999812,6.722397891863324,6.723164733434589
Transformer,456,20,1.0,0.0,3,1.3272946859903378,0.456381685752729,0.0,0,0,-8.48203787898973e-05,0.006002131787413445,-0.09879419207572937,0.09815868735313416,-0.015709616728127002,0.0,0.016144110281020415,6.5833729076253675,1.6797413070181455,2.6797413070181455,0.2523244247323544,0.0342815327112163,10.641007689733083,-0.016342374770207516,0.0008955877527098974,0.0021595335731905752,-0.016342374770223007,0.017246730771148574,-0.003923906480097988,-0.0021983297793970757,0.0007693468408736711,0.004267819216086838,0.007081081940693065,167.97413070181454,3.4281532711216296,-1.6342374770207515,25.232442473235437,6.5833729091496265,6.138103440675571
