model,display_name,lookback,seed,regime,n_obs,rmse,mae,hit_ccy,hit_pair,extreme_rmse,extreme_hit
LSTM,LSTM,20,42,FX_move_top10,89,0.011310504994269298,0.007983789417970032,0.6932584269662921,0.6134831460674157,0.025990302562883153,0.7415730337078652
LSTM,LSTM,20,42,Oil_shock_top10,108,0.007346669058555736,0.0046137935208060265,0.5833333333333334,0.5496632996632996,0.01912985659844163,0.7222222222222222
LSTM,LSTM,20,42,US2Y_shock_top10,322,0.005755094233482528,0.00409720526474842,0.6149068322981367,0.5555053642010164,0.013499668899705157,0.7546583850931677
LSTM,LSTM,20,42,VIX_top10,82,0.007378335843871315,0.005335954601197799,0.5865853658536585,0.5421286031042128,0.017131112297185114,0.6707317073170732
LSTM,LSTM,20,42,all_test,1104,0.00558110718806632,0.00392274827251168,0.6077898550724637,0.5607872200263505,0.013263078588205105,0.7572463768115942
LSTM,LSTM,20,42,composite_macro_shock_top10,103,0.006435149031541342,0.004497063960099288,0.5310679611650485,0.5085613415710503,0.015296766364747713,0.6310679611650486
LSTM,LSTM,20,42,normal,668,0.004699503644019099,0.0034852588155421973,0.6029940119760479,0.560506260206859,0.010423175748733499,0.7440119760479041
LSTM,LSTM,20,123,FX_move_top10,89,0.011326744845058485,0.00807993160450566,0.6932584269662921,0.6155260469867212,0.025873630386506898,0.7752808988764045
LSTM,LSTM,20,123,Oil_shock_top10,108,0.0074069581795814885,0.004665523406810769,0.5675925925925925,0.5397306397306397,0.019201812166427037,0.7222222222222222
LSTM,LSTM,20,123,US2Y_shock_top10,322,0.0057848668322655495,0.0041256905358018825,0.6009316770186336,0.5453416149068323,0.013540608274017199,0.7453416149068323
LSTM,LSTM,20,123,VIX_top10,82,0.007436136773341202,0.0054205284462912505,0.5439024390243903,0.5310421286031042,0.017047893477256194,0.6097560975609756
LSTM,LSTM,20,123,all_test,1104,0.005615545306032066,0.003957608448574058,0.6014492753623188,0.5576910408432147,0.013324900568219682,0.7445652173913043
LSTM,LSTM,20,123,composite_macro_shock_top10,103,0.00635997459610744,0.004431543675843289,0.5320388349514563,0.5087378640776699,0.015176867157339567,0.5922330097087378
LSTM,LSTM,20,123,normal,668,0.004734879895218316,0.003517297804315225,0.599251497005988,0.5601252041371801,0.010519235310270313,0.7380239520958084
LSTM,LSTM,20,456,FX_move_top10,89,0.011342033644475072,0.00804585510740345,0.6573033707865169,0.6024514811031665,0.025676882824232476,0.7528089887640449
LSTM,LSTM,20,456,Oil_shock_top10,108,0.007391109013522238,0.004635651359893911,0.5888888888888889,0.5562289562289562,0.01908051910871987,0.75
LSTM,LSTM,20,456,US2Y_shock_top10,322,0.005788368360776217,0.004132382557096597,0.59472049689441,0.5479954827780915,0.01333526019580494,0.7236024844720497
LSTM,LSTM,20,456,VIX_top10,82,0.007487957301923716,0.005429940057981029,0.5585365853658537,0.5563192904656319,0.016876789566443517,0.6951219512195121
LSTM,LSTM,20,456,all_test,1104,0.0056689785081066825,0.0039952814910121275,0.5920289855072464,0.5571805006587616,0.013304205536781757,0.7038043478260869
LSTM,LSTM,20,456,composite_macro_shock_top10,103,0.006621806799415184,0.004627166030777782,0.5155339805825243,0.5069726390114739,0.0155096686845515,0.6504854368932039
LSTM,LSTM,20,456,normal,668,0.004822375535107606,0.0035695218508525377,0.5881736526946107,0.5575666848121938,0.010659701976998634,0.6646706586826348
MLP,MLP,20,42,FX_move_top10,89,0.011119655671332915,0.007714179711698573,0.6842696629213483,0.6136874361593463,0.025640697291610243,0.7640449438202247
MLP,MLP,20,42,Oil_shock_top10,108,0.007792900799713751,0.004825707945155534,0.5611111111111111,0.5430976430976431,0.019879780190006937,0.6574074074074074
MLP,MLP,20,42,US2Y_shock_top10,322,0.00598165753245069,0.004344542693392247,0.5760869565217391,0.5374364765669114,0.013053317273889541,0.7329192546583851
MLP,MLP,20,42,VIX_top10,82,0.007340663188137316,0.0053541038813597055,0.598780487804878,0.5576496674057649,0.016272551991926072,0.7317073170731707
MLP,MLP,20,42,all_test,1104,0.005780526299413178,0.0041088756480337696,0.584873188405797,0.5516963109354414,0.012914528741766997,0.730072463768116
MLP,MLP,20,42,composite_macro_shock_top10,103,0.006494014166132563,0.004601428751689171,0.5300970873786408,0.5011473962930274,0.014650025773626667,0.6699029126213593
MLP,MLP,20,42,normal,668,0.004904312904562074,0.00366960050910683,0.5833832335329341,0.5543821448013064,0.01000893062586651,0.7170658682634731
MLP,MLP,20,123,FX_move_top10,89,0.011389678693761361,0.008034173035569468,0.6741573033707865,0.6122574055158325,0.025837652211098194,0.8202247191011236
MLP,MLP,20,123,Oil_shock_top10,108,0.007886704148664561,0.004901528005164992,0.5564814814814815,0.5405723905723906,0.020393983440962243,0.6481481481481481
MLP,MLP,20,123,US2Y_shock_top10,322,0.005885011972677968,0.004232237699327202,0.5975155279503106,0.548334274421231,0.013210023020483757,0.7049689440993789
MLP,MLP,20,123,VIX_top10,82,0.007490092442715658,0.005347317799688182,0.5719512195121951,0.5556541019955654,0.01717005340372549,0.7317073170731707
MLP,MLP,20,123,all_test,1104,0.0057471858260781696,0.004069199191466053,0.5840579710144927,0.5540349143610013,0.013112783262628701,0.7309782608695652
MLP,MLP,20,123,composite_macro_shock_top10,103,0.006443813336386725,0.004540709666018955,0.5320388349514563,0.5050308914386584,0.01510200902835848,0.6310679611650486
MLP,MLP,20,123,normal,668,0.004846210667448089,0.003625399520975096,0.5775449101796407,0.5528307022318998,0.010123165479471969,0.7440119760479041
MLP,MLP,20,456,FX_move_top10,89,0.01117494539392334,0.007774691922619812,0.6696629213483146,0.610214504596527,0.025792213556189,0.7415730337078652
MLP,MLP,20,456,Oil_shock_top10,108,0.007660057757289238,0.004708974239163463,0.5546296296296296,0.567003367003367,0.019740829627330498,0.6759259259259259
MLP,MLP,20,456,US2Y_shock_top10,322,0.005825737349222403,0.00420128950964365,0.6006211180124224,0.554884246188594,0.013028490125807257,0.7080745341614907
MLP,MLP,20,456,VIX_top10,82,0.007514195039188915,0.005517813509856374,0.5378048780487805,0.5525498891352549,0.016922399311220877,0.6341463414634146
MLP,MLP,20,456,all_test,1104,0.005654860365019881,0.003996499425935891,0.5959239130434782,0.5591567852437418,0.01295527338824502,0.7246376811594203
MLP,MLP,20,456,composite_macro_shock_top10,103,0.006369492686934268,0.0045218387282452525,0.537864077669903,0.5345101500441306,0.014752332210382893,0.6213592233009708
MLP,MLP,20,456,normal,668,0.004728489968367839,0.003540109620242636,0.5971556886227545,0.5578660860097986,0.00989940361426564,0.7634730538922155
NoGraph,NoGraphFX,20,42,FX_move_top10,89,0.010880159592909765,0.007727457917609387,0.6775280898876405,0.6312563840653729,0.024333336826702513,0.7865168539325843
NoGraph,NoGraphFX,20,42,Oil_shock_top10,108,0.007216169149503473,0.004533033193895251,0.575925925925926,0.5725589225589226,0.018362302893844804,0.6666666666666666
NoGraph,NoGraphFX,20,42,US2Y_shock_top10,322,0.0055783174705755475,0.003958208378507892,0.6279503105590062,0.5782608695652174,0.012907429196581627,0.7515527950310559
NoGraph,NoGraphFX,20,42,VIX_top10,82,0.007113613094289383,0.005086949499798543,0.6024390243902439,0.5760532150776053,0.01603360149974325,0.6707317073170732
NoGraph,NoGraphFX,20,42,all_test,1104,0.005444911932655761,0.003830971865956963,0.6153079710144927,0.5812417654808959,0.012737500620874384,0.7554347826086957
NoGraph,NoGraphFX,20,42,composite_macro_shock_top10,103,0.006008701510636196,0.004200758178028514,0.596116504854369,0.5542806707855251,0.013845459668988225,0.6990291262135923
NoGraph,NoGraphFX,20,42,normal,668,0.004640554270974215,0.003434290951077695,0.6089820359281437,0.5794501905280348,0.010281986805689857,0.7410179640718563
NoGraph,NoGraphFX,20,123,FX_move_top10,89,0.010924087879985576,0.007738081873352447,0.6797752808988764,0.6324821246169561,0.02460890319300539,0.7865168539325843
NoGraph,NoGraphFX,20,123,Oil_shock_top10,108,0.007216697298800978,0.004516368051542941,0.5916666666666667,0.578956228956229,0.018458435349578518,0.7037037037037037
NoGraph,NoGraphFX,20,123,US2Y_shock_top10,322,0.005571979857686212,0.003965123852472683,0.6251552795031056,0.5800112930547713,0.012865900228280937,0.7608695652173914
NoGraph,NoGraphFX,20,123,VIX_top10,82,0.007129410092618025,0.005093244436157852,0.6024390243902439,0.5840354767184035,0.016067745544029455,0.6829268292682927
NoGraph,NoGraphFX,20,123,all_test,1104,0.005454557148962962,0.003832280844129652,0.6142210144927536,0.5807806324110671,0.012768821345687189,0.75
NoGraph,NoGraphFX,20,123,composite_macro_shock_top10,103,0.0060333963504961285,0.004225741324234971,0.5932038834951456,0.5528684907325684,0.013845941576882542,0.6893203883495146
NoGraph,NoGraphFX,20,123,normal,668,0.004638013502888167,0.0034290028884704483,0.6067365269461078,0.5782253674469243,0.010275161697500637,0.7335329341317365
NoGraph,NoGraphFX,20,456,FX_move_top10,89,0.010891044903024024,0.007721644186295542,0.6865168539325842,0.6218590398365679,0.024490447127057113,0.7865168539325843
NoGraph,NoGraphFX,20,456,Oil_shock_top10,108,0.007167255793893574,0.004480740928210657,0.5981481481481481,0.5826599326599327,0.01834031371348859,0.6851851851851852
NoGraph,NoGraphFX,20,456,US2Y_shock_top10,322,0.005573280988530706,0.0039608779172514,0.6304347826086957,0.575776397515528,0.012890665374469179,0.7670807453416149
NoGraph,NoGraphFX,20,456,VIX_top10,82,0.007056032226403137,0.005037639896592026,0.6158536585365854,0.5818181818181818,0.015949182489090403,0.7317073170731707
NoGraph,NoGraphFX,20,456,all_test,1104,0.0054351252143090695,0.003817496199252137,0.6189311594202899,0.5802865612648221,0.012736301952555443,0.7617753623188406
NoGraph,NoGraphFX,20,456,composite_macro_shock_top10,103,0.005934245524553657,0.004153286968450577,0.6009708737864078,0.5597528684907326,0.013701533325207082,0.7475728155339806
NoGraph,NoGraphFX,20,456,normal,668,0.004625115980896529,0.003417521563416049,0.6100299401197605,0.5783070223189983,0.010251594317109054,0.75
NoMacro,NoMacroFX,20,42,FX_move_top10,89,0.011685115497989246,0.008547344195725028,0.6426966292134831,0.590194075587334,0.0254230089022835,0.7865168539325843
NoMacro,NoMacroFX,20,42,Oil_shock_top10,108,0.007521745684910233,0.004821321308211871,0.5222222222222223,0.5281144781144781,0.018671207227567845,0.6944444444444444
NoMacro,NoMacroFX,20,42,US2Y_shock_top10,322,0.006069500388050595,0.004323117092399794,0.5347826086956522,0.5243929983060418,0.01413971214045076,0.6521739130434783
NoMacro,NoMacroFX,20,42,VIX_top10,82,0.007915043868734034,0.0057071919603519814,0.5353658536585366,0.5086474501108648,0.01759837858584858,0.6829268292682927
NoMacro,NoMacroFX,20,42,all_test,1104,0.005857772037256743,0.00412751522058056,0.545018115942029,0.5297595520421607,0.013816491718369961,0.6476449275362319
NoMacro,NoMacroFX,20,42,composite_macro_shock_top10,103,0.006682726806267829,0.004564048446849201,0.4970873786407767,0.48984995586937335,0.01535760440441012,0.5339805825242718
NoMacro,NoMacroFX,20,42,normal,668,0.0049326795368458305,0.0036523874408304576,0.5425149700598803,0.5291235710397387,0.011156643728119751,0.6032934131736527
NoMacro,NoMacroFX,20,123,FX_move_top10,89,0.012188867658878418,0.008777194759934217,0.651685393258427,0.5767109295199183,0.028201933288877882,0.6853932584269663
NoMacro,NoMacroFX,20,123,Oil_shock_top10,108,0.007787960468896032,0.004833093129017201,0.5481481481481482,0.5259259259259259,0.02062830478903568,0.6944444444444444
NoMacro,NoMacroFX,20,123,US2Y_shock_top10,322,0.006051894476122903,0.004291008608589487,0.5925465838509317,0.535064935064935,0.014506464005384625,0.6770186335403726
NoMacro,NoMacroFX,20,123,VIX_top10,82,0.007586147623551922,0.0055515562768294596,0.5170731707317073,0.5135254988913526,0.017582577552027353,0.7317073170731707
NoMacro,NoMacroFX,20,123,all_test,1104,0.0058710463581001515,0.0040993250398876305,0.5782608695652174,0.5366930171277997,0.014281090264551202,0.667572463768116
NoMacro,NoMacroFX,20,123,composite_macro_shock_top10,103,0.006516998716927668,0.004504716021429241,0.512621359223301,0.4875551632833186,0.015899115353617196,0.5825242718446602
NoMacro,NoMacroFX,20,123,normal,668,0.004907034383926271,0.003622899002156479,0.5747005988023952,0.5366358192705498,0.011246520142994352,0.6392215568862275
NoMacro,NoMacroFX,20,456,FX_move_top10,89,0.011848356204606883,0.008504214762094788,0.6573033707865169,0.5781409601634321,0.027260833891370406,0.6853932584269663
NoMacro,NoMacroFX,20,456,Oil_shock_top10,108,0.0076330282821162445,0.00473258059012475,0.5509259259259259,0.5552188552188552,0.020111087309107697,0.6666666666666666
NoMacro,NoMacroFX,20,456,US2Y_shock_top10,322,0.005997220563716919,0.004284566682515518,0.5956521739130435,0.5438735177865612,0.014228158164791508,0.6645962732919255
NoMacro,NoMacroFX,20,456,VIX_top10,82,0.007494271140341434,0.005502557514225883,0.5109756097560976,0.5082039911308204,0.01743440867962688,0.5365853658536586
NoMacro,NoMacroFX,20,456,all_test,1104,0.005774327493238995,0.004045559999951717,0.5897644927536232,0.547068511198946,0.01395991149093252,0.6820652173913043
NoMacro,NoMacroFX,20,456,composite_macro_shock_top10,103,0.00649177205935577,0.004571167660887758,0.516504854368932,0.5039717563989409,0.01566503220887637,0.5242718446601942
NoMacro,NoMacroFX,20,456,normal,668,0.004829566568780711,0.0035734919523461263,0.5832335329341317,0.5464888405008166,0.01097502379528534,0.7020958083832335
StaticGraph,StaticGraphFX,20,42,FX_move_top10,89,0.010239250791355799,0.007239913207124036,0.7123595505617978,0.6500510725229827,0.022160443334550625,0.8651685393258427
StaticGraph,StaticGraphFX,20,42,Oil_shock_top10,108,0.006806553332235697,0.004404844100084844,0.6,0.5962962962962963,0.01635404691223127,0.8240740740740741
StaticGraph,StaticGraphFX,20,42,US2Y_shock_top10,322,0.005399109353681413,0.0038147934623713347,0.6546583850931676,0.6035573122529644,0.012222458275335123,0.8012422360248447
StaticGraph,StaticGraphFX,20,42,VIX_top10,82,0.007005189349624742,0.005061755072259119,0.6195121951219512,0.6011086474501108,0.015188176722658132,0.7560975609756098
StaticGraph,StaticGraphFX,20,42,all_test,1104,0.005212178028211634,0.003657455227179142,0.6401268115942029,0.6038208168642951,0.011892098870808322,0.8079710144927537
StaticGraph,StaticGraphFX,20,42,composite_macro_shock_top10,103,0.005894908178065449,0.004154572041978858,0.6029126213592233,0.5784642541924095,0.012835316233346017,0.7864077669902912
StaticGraph,StaticGraphFX,20,42,normal,668,0.004436061922314817,0.0032654852015360906,0.6326347305389222,0.6007348938486663,0.009655337732104238,0.7889221556886228
StaticGraph,StaticGraphFX,20,123,FX_move_top10,89,0.010468497061592084,0.007349591473887537,0.7056179775280899,0.6435137895812053,0.02291234628343355,0.8202247191011236
StaticGraph,StaticGraphFX,20,123,Oil_shock_top10,108,0.006942619319446061,0.004436590279960826,0.5972222222222222,0.5868686868686869,0.016950676547488167,0.7870370370370371
StaticGraph,StaticGraphFX,20,123,US2Y_shock_top10,322,0.0055011919405704365,0.0038962289590657216,0.6413043478260869,0.5912478825522304,0.012554004016325884,0.7919254658385093
StaticGraph,StaticGraphFX,20,123,VIX_top10,82,0.007158990581823465,0.005192906550018961,0.5975609756097561,0.5844789356984479,0.015653092577506866,0.7560975609756098
StaticGraph,StaticGraphFX,20,123,all_test,1104,0.005306998176994515,0.0037189308640406117,0.6343297101449276,0.5944664031620553,0.012226048871988424,0.7853260869565217
StaticGraph,StaticGraphFX,20,123,composite_macro_shock_top10,103,0.005892347012828373,0.004158619017087103,0.5883495145631068,0.5654015887025595,0.012899269075848244,0.7475728155339806
StaticGraph,StaticGraphFX,20,123,normal,668,0.004503975088431893,0.003314904108822996,0.6311377245508982,0.594148067501361,0.009879336764746645,0.781437125748503
StaticGraph,StaticGraphFX,20,456,FX_move_top10,89,0.010186073521989006,0.00727079033156136,0.7191011235955056,0.6539325842696629,0.021767161543986318,0.8539325842696629
StaticGraph,StaticGraphFX,20,456,Oil_shock_top10,108,0.006814429858860573,0.004467469265058231,0.5851851851851851,0.5781144781144781,0.016179049174882946,0.7777777777777778
StaticGraph,StaticGraphFX,20,456,US2Y_shock_top10,322,0.005511234537108153,0.003902206195368833,0.6388198757763975,0.5983625070581592,0.012509090248529513,0.7950310559006211
StaticGraph,StaticGraphFX,20,456,VIX_top10,82,0.006960968472007971,0.005029067530460629,0.6036585365853658,0.6044345898004435,0.015017612443870444,0.7926829268292683
StaticGraph,StaticGraphFX,20,456,all_test,1104,0.0052528961887742,0.0037095195182018457,0.6319746376811595,0.6013833992094861,0.011932226932003902,0.8016304347826086
StaticGraph,StaticGraphFX,20,456,composite_macro_shock_top10,103,0.0059653800691290785,0.004180877773337361,0.5980582524271845,0.5862312444836717,0.013077678978948555,0.7864077669902912
StaticGraph,StaticGraphFX,20,456,normal,668,0.004499078921037773,0.003315741770555717,0.6287425149700598,0.599918345127926,0.009757403824580409,0.7784431137724551
PureGraphFX,PureGraphFX,20,42,FX_move_top10,89,0.010508117812402242,0.007384773397706432,0.7101123595505618,0.6600612870275792,0.02366034080474538,0.8314606741573034
PureGraphFX,PureGraphFX,20,42,Oil_shock_top10,108,0.006917014530145598,0.004349682004343928,0.6138888888888889,0.5909090909090909,0.01725054847248774,0.8425925925925926
PureGraphFX,PureGraphFX,20,42,US2Y_shock_top10,322,0.0054516188964109265,0.0038769091645177774,0.6493788819875776,0.607622811970638,0.01250955770908619,0.8012422360248447
PureGraphFX,PureGraphFX,20,42,VIX_top10,82,0.006862422486090337,0.0049964620247187775,0.6097560975609756,0.6066518847006652,0.015102101154286927,0.7926829268292683
PureGraphFX,PureGraphFX,20,42,all_test,1104,0.005269813197689326,0.0037058681979483294,0.6396739130434783,0.6061264822134388,0.01227104288759083,0.8088768115942029
PureGraphFX,PureGraphFX,20,42,composite_macro_shock_top10,103,0.005829672585819995,0.004108805484369865,0.6009708737864078,0.5825242718446602,0.013070822723544094,0.7766990291262136
PureGraphFX,PureGraphFX,20,42,normal,668,0.004485328983353984,0.003316436440903118,0.6332335329341318,0.6026673924877518,0.009882687135464826,0.7949101796407185
PureGraphFX,PureGraphFX,20,123,FX_move_top10,89,0.010229607109165704,0.007303823194437877,0.6966292134831461,0.6604698672114403,0.021213056349704027,0.8876404494382022
PureGraphFX,PureGraphFX,20,123,Oil_shock_top10,108,0.007006868159951685,0.004562215069848174,0.587037037037037,0.5819865319865319,0.016049727543880222,0.7777777777777778
PureGraphFX,PureGraphFX,20,123,US2Y_shock_top10,322,0.005682820467046495,0.004050818541173522,0.6214285714285714,0.5980801806888764,0.012604794659509939,0.7484472049689441
PureGraphFX,PureGraphFX,20,123,VIX_top10,82,0.007442507448861504,0.005445276681627281,0.5475609756097561,0.5618625277161863,0.01518799808821207,0.6951219512195121
PureGraphFX,PureGraphFX,20,123,all_test,1104,0.005430955025384507,0.0038274859191298684,0.6197463768115942,0.5956851119894598,0.011995805952395024,0.7635869565217391
PureGraphFX,PureGraphFX,20,123,composite_macro_shock_top10,103,0.006241956304404734,0.004367477075801025,0.5844660194174758,0.5772285966460724,0.012720077685008343,0.8349514563106796
PureGraphFX,PureGraphFX,20,123,normal,668,0.004655405623952118,0.0034055482985274306,0.6176646706586826,0.5923244420250409,0.009755061129813915,0.7410179640718563
PureGraphFX,PureGraphFX,20,456,FX_move_top10,89,0.01052222241041551,0.007482180945752783,0.7191011235955056,0.6670071501532175,0.023038576061882716,0.8764044943820225
PureGraphFX,PureGraphFX,20,456,Oil_shock_top10,108,0.007024481302636919,0.00446351103781008,0.6175925925925926,0.5867003367003367,0.017534950680148462,0.8148148148148148
PureGraphFX,PureGraphFX,20,456,US2Y_shock_top10,322,0.005451590367484283,0.003861788659643161,0.6611801242236025,0.6087521174477696,0.01245216973545843,0.8260869565217391
PureGraphFX,PureGraphFX,20,456,VIX_top10,82,0.007207962069681334,0.005176722180638025,0.6012195121951219,0.5973392461197339,0.015567320582341069,0.7560975609756098
PureGraphFX,PureGraphFX,20,456,all_test,1104,0.00533175482833433,0.0037451610663195595,0.640036231884058,0.604298418972332,0.012276714017963104,0.8079710144927537
PureGraphFX,PureGraphFX,20,456,composite_macro_shock_top10,103,0.006142330641887787,0.004224453435456348,0.6174757281553398,0.5849955869373346,0.013941224037093898,0.7766990291262136
PureGraphFX,PureGraphFX,20,456,normal,668,0.00454547175949759,0.0033533763319001843,0.6300898203592814,0.6003810560696788,0.009861247268583806,0.7829341317365269
Ours,Ours,20,42,FX_move_top10,89,0.010338092777599618,0.006956357163203444,0.7337078651685394,0.6796731358529111,0.02366498851965258,0.8876404494382022
Ours,Ours,20,42,Oil_shock_top10,108,0.007043256774760009,0.004214926404417249,0.6287037037037037,0.6016835016835017,0.018153795516335763,0.8055555555555556
Ours,Ours,20,42,US2Y_shock_top10,322,0.005193201860833008,0.003673997562220664,0.665527950310559,0.6168266516092603,0.01182598758795631,0.8229813664596274
Ours,Ours,20,42,VIX_top10,82,0.006795976376066627,0.004897522929435604,0.6292682926829268,0.6075388026607539,0.014854194013106786,0.7926829268292683
Ours,Ours,20,42,all_test,1104,0.005073202718961306,0.0035097422134266498,0.6561594202898551,0.6179347826086956,0.011786776254226918,0.822463768115942
Ours,Ours,20,42,composite_macro_shock_top10,103,0.005891550972275322,0.004080544548607524,0.6038834951456311,0.5851721094439541,0.01352193354072927,0.7281553398058253
Ours,Ours,20,42,normal,668,0.0042409422087830865,0.003127198716337708,0.6498502994011977,0.615242242787153,0.00909472530069938,0.8188622754491018
Ours,Ours,20,123,FX_move_top10,89,0.010294329943063526,0.006909774033621861,0.7348314606741573,0.686414708886619,0.023260157758201616,0.898876404494382
Ours,Ours,20,123,Oil_shock_top10,108,0.00702133990266836,0.00419967722401848,0.6407407407407407,0.6175084175084176,0.017878157831519647,0.8333333333333334
Ours,Ours,20,123,US2Y_shock_top10,322,0.005222687726458854,0.0036844098988269808,0.672360248447205,0.6164313946922643,0.01184349251034948,0.8322981366459627
Ours,Ours,20,123,VIX_top10,82,0.006777170764150686,0.004892349965114302,0.6402439024390244,0.6206208425720621,0.014714550756581372,0.8292682926829268
Ours,Ours,20,123,all_test,1104,0.005081383801485439,0.003516200182413528,0.6597826086956522,0.6212121212121212,0.011751209607537724,0.8297101449275363
Ours,Ours,20,123,composite_macro_shock_top10,103,0.005806413917426258,0.004018612026249278,0.6242718446601941,0.596116504854369,0.013020336937366254,0.7864077669902912
Ours,Ours,20,123,normal,668,0.004249877430215552,0.003133038119441237,0.6519461077844312,0.6181818181818182,0.009124688696699359,0.8188622754491018
Ours,Ours,20,456,FX_move_top10,89,0.010395281085974695,0.007091561046299728,0.7292134831460674,0.6780388151174668,0.023866221068698207,0.8876404494382022
Ours,Ours,20,456,Oil_shock_top10,108,0.007133050040352152,0.004284795190498395,0.6259259259259259,0.6116161616161616,0.01850461338542828,0.7962962962962963
Ours,Ours,20,456,US2Y_shock_top10,322,0.0051859692529187505,0.003675748445357668,0.6686335403726708,0.6164313946922643,0.011887568611720455,0.8229813664596274
Ours,Ours,20,456,VIX_top10,82,0.006888880385520381,0.00493515018368537,0.6378048780487805,0.6130820399113082,0.015448001153114177,0.8292682926829268
Ours,Ours,20,456,all_test,1104,0.005101700915816179,0.0035471779022899093,0.657518115942029,0.619433465085639,0.01189321089585547,0.8278985507246377
Ours,Ours,20,456,composite_macro_shock_top10,103,0.005931549148354297,0.004056952971529329,0.6155339805825243,0.592586054721977,0.013893964529025955,0.7475728155339806
Ours,Ours,20,456,normal,668,0.004285914353976597,0.0031687548750903784,0.6501497005988024,0.6159499183451279,0.009273989841189751,0.8233532934131736

